vi_wseg,labels
"Do_vậy , huyện Vĩnh_Thạnh luôn tập_trung lãnh_đạo , chỉ_đạo việc triển_khai thực_hiện các chính_sách , chương_trình , dự_án về giảm nghèo được thực_hiện đồng_bộ từ huyện tới cơ_sở",Social
"Điều 2 . Ban An_toàn giao_thông tỉnh chịu trách_nhiệm quản_lý , sử_dụng kinh_phí được cấp theo đúng quy_định hiện_hành .",Politics
"Hiện_nay , Yôl thường thả mèo ở bãi có gần hồ , rồi đi lấy củi .",Usual
"Hôm kỉa , tớ sẽ đi học ở dưới huyện .",Usual
Hôm_qua chị_gái đan được tám cái .,Usual
"Theo_dõi , đôn_đốc và tổng_hợp tình_hình triển_khai thực_hiện kế_hoạch này ; đề_xuất sửa_đổi , bổ_sung cho phù_hợp tình_hình thực_tế trình UBND tỉnh xem_xét , quyết_định .",Politics
"Trung_tâm Phát_triển nông_thôn miền Trung thuộc Trường Đại_học Nông - Lâm_Huế đã tổ_chức lớp tập_huấn cho nhóm trưởng và các thành_viên nhóm "" Cùng sở_thích "" trồng rau_an_toàn xã Vĩnh_Sơn .",Social
Đồng_chí Lê_Văn_Sơn được bầu vào chức_danh Bí_thư Đảng_uỷ xã Vĩnh_Hiệp nhiệm_kỳ 2020-2025,Politics
"Khối các trường mầm_non huyện , thành_phố",Social
"Di_dời các nhà_máy chế_biến thuỷ_sản ở nội_thành Quy_Nhơn vào các khu , cụm công_nghiệp , khu chế_biến tập_trung",Social
"Thỉnh_thoảng Yôl đi bẫy thú cùng ông . Ông bẫy rất giỏi . Có lần , ông bẫy được con lợn_rừng to bằng con bê . Ông bảo : Ngày_xưa , có nhiều thú hơn , bẫy dễ được chim thú . Ngày_nay bẫy khó hơn vì chim thú đã hết .",Usual
"Chấm_dứt bạo_lực , vun_đắp yêu_thương",Social
Ở giai_đoạn này cây cần được bón phân nhiều đợt ( 3-4 đợt / năm ) với liều_lượng ít vào lúc cây đã hoàn_thành đợt lá trước và chuẩn_bị phát đợt lá tiếp_theo .,Science
"Cùng với đó , huyện đã huy_động lực_lượng giúp nhân_dân khôi_phục nhà_cửa bị hư_hỏng để có nơi ở tạm_thời , ổn_định trước",Social
Người bán hàng đon_đả hỏi ông :,Usual
Nhờ tích_cực thực_hiện các biện_pháp trên nên công_tác DS-KHHGĐ hàng năm của xã luôn đạt kết_quả đáng khích_lệ .,Social
Tỷ_lệ % để lại cho đơn_vị thu,Social
Các dự_án đầu_tư xây_dựng nhà ở phải được tổ_chức tư_vấn độc_lập với chủ đầu_tư và nhà_thầu thi_công xây_dựng có đủ điều_kiện năng_lực,Politics
"Nhà Yôl có một khu vườn rất đẹp . Bố Yôl kể rằng : Bố_mẹ trồng những cây_ăn_quả đầu_tiên ở khu vườn này cách đây hơn hai_mươi năm . Hồi đó_đây là khu đất màu_mỡ . Bây_giờ , trong vườn trồng đủ loại : quế , mít , xoài , ẩu đủ , chuối và cả bầu , bí nữa .",Usual
"Thời_gian , địa_điểm : 20h00 ngày 11/8/2019 tại Quảng_trường Nguyễn_Tất_Thành , thành_phố Quy_Nhơn .",Politics
Chi_cục Khai_thác và Bảo_vệ nguồn lợi Thuỷ_sản xem_xét và tổng_hợp danh_sách báo_cáo Sở Nông_nghiệp và PTNT trình UBND tỉnh,Politics
Thỉnh_thoảng thôi . Bây_giờ chim càng_ngày_càng ít . Có đi cũng chẳng được .,Usual
Từ 20h00 : Tiến_hành phần Lễ ( Bắt_đầu truyền_hình trực_tiếp trên Đài_Truyền_hình Việt_Nam và Đài_Phát_thanh và Truyền_hình Bình_Định ),Politics
2 ngày cô cho gà ăn hai lần .,Usual
"Kế_hoạch Tháng hành_động năm 2017 với chủ_đề "" Chung tay chấm_dứt bạo_lực đối_với phụ_nữ và trẻ_em gái """,Social
Theo đề_nghị của Giám_đốc Sở Nông_nghiệp và Phát_triển nông_thôn tại Tờ_trình số 113 / TTr-SNN ngày 14 tháng 4 năm 2020,Politics
"Chọn cây phải đạt ít_nhất 6 tháng tuổi , khoẻ_mạnh , không nhiễm sâu_bệnh , nhặt mắt , không bị khô , không trầy_xước để làm hom giống .",Science
Buổi tối mới đan được ba cái .,Usual
Xâm_hại tình_dục phụ_nữ và trẻ_em là tội nghiêm_trọng,Social
"Chủ_trì hướng_dẫn chi ngân_sách nguồn vốn sự_nghiệp , phối_hợp với Bộ Nông_nghiệp và Phát_triển nông_thôn hướng_dẫn triển_khai thực_hiện Chương_trình .",Politics
"Điều 3 . Chánh Văn_phòng UBND tỉnh , Giám_đốc Sở Văn_hoá , Thể_thao , Trưởng ban Ban Dân_tộc tỉnh",Politics
"Chúng_tôi vừa được học lý_thuyết , vừa được thực_hành trên mô_hình trồng rau_an_toàn theo Dự_án rau_an_toàn do Đại_sứ_quán New_Dilan triển_khai tại địa_phương",Social
"Ở ngoài sân , chị Yôl đang nói_chuyện với 5 người lạ .",Usual
"Các cơ_quan trong tỉnh và Uỷ_ban_nhân_dân các huyện , thị_xã , thành_phố",Politics
"Phát_huy những kết_quả tích_cực đó , trong nhiệm_kỳ 2020-2025 này , Đảng_bộ xã Vĩnh_Thuận đã đề ra nhiều giải_pháp phát_triển kinh_tế , xã_hội cụ_thể sát với tình_hình và điều_kiện thực_tế ở địa_phương , nhằm góp_phần nâng cao thu_nhập và đời_sống cho người dân",Social
Bác_sĩ hỏi mẹ Yôl :,Usual
"Mùa phát rẫy đã đến , hôm_nay bác Ba đi xuống chợ mua thêm một cái kéo .",Usual
"( iii ) các huyện , thị_xã đồng_bằng : Ngân_sách tỉnh 50% , ngân_sách huyện , thị_xã 50% ; ( iv ) thành_phố Quy_Nhơn : Ngân_sách thành_phố 100% .",Politics
"Xế trưa , tôi đang đi học lớp 10 ở trường làng .",Usual
"Các cơ_quan được phân_công , phân_cấp theo quy_định tại Điều 1 của Quyết_định này có trách_nhiệm thanh_tra , kiểm_tra giám_sát tại các cơ_sở sản_xuất , kinh_doanh vật_tư nông_nghiệp , nước sinh_hoạt nông_thôn và sản_phẩm nông_lâm thuỷ_sản trên địa_bàn quản_lý",Politics
"Hôm_nay , cả nhà Yôl đi suốt lúa . Mẹ và chị dậy sớm hơn mọi ngày . Mẹ nấu cơm còn chị thì sửa_soạn gùi , rựa . Trời chưa sáng nhưng cả nhà đã lên_đường . Vì Yôl bé nhất nhà nên em không phải mang gùi . Nó chỉ đeo một giỏ cơm nhỏ . Được đi suốt lúa , Yôl thích lắm . Yôl vừa đi vừa chạy . Mẹ bảo Yôl :",Usual
"Ông Mai_Thanh_Thắng , Phó Chủ_tịch UBND tỉnh ;",Politics
"Về việc thành_lập Hội_đồng xét công_nhận nghề truyền_thống , làng_nghề , làng_nghề truyền_thống trên địa_bàn tỉnh Bình_Định",Politics
"Chị Trần_Thị_Mỹ_Dung , Chủ_tịch Hội Nông_dân xã Vĩnh_Hoà là một trong những cán_bộ Hội gương_mẫu , tận_tuỵ với công_tác Hội và phong_trào nông_dân",Social
"Ở ngoài sân , bác Yôl đang nói_chuyện với một người lạ .",Usual
"Nâng cao năng_lực lãnh_đạo , sức chiến_đấu của tổ_chức cơ_sở Đảng , tiếp_tục tạo sự chuyển_biến rõ nét về chất_lượng hoạt_động của các Chi_bộ , làm cho tổ_chức cơ_sở Đảng vững_mạnh cả về chính_trị , tư_tưởng và tổ_chức , lành đạo thực_hiện tốt nhiệm_vụ chính_trị",Social
Trong đó : Phối giống bằng tinh bò Red_Angus : 54.050 con ; Phối giống bằng tinh bò BBB : 56.450 con .,Science
"Hoàng_hôn , mình đang đi học lớp 4 ở trường làng .",Usual
"Quản_lý tài_chính , tài_sản theo quy_định của pháp_luật .",Politics
Gần trưa bác có về nhà không ?,Usual
Hội_đồng làm_việc theo chế_độ tập_thể thông_qua các cuộc họp dưới sự chủ_trì của Chủ_tịch Hội_đồng hoặc Phó Chủ_tịch Hội_đồng ( khi được uỷ_quyền ) .,Politics
"Sáng ngày 27.4 , Đoàn công_tác UBND huyện do ông Huỳnh_Đức_Bảo , Phó Chủ_tịch UBND huyện làm trưởng_đoàn đã có buổi đi kiểm_tra tình_hình triển_khai công_tác phòng , chống dịch Covd-19 tại các Trường THCS trên địa_bàn huyện ngày đầu_tiên khi học_sinh đi học trở_lại sau thời_gian tạm nghỉ do dịch Covid-19",Politics
"Hoàng_hôn , Yôl cùng anh_trai sang thăm .",Usual
"Yôl rất thích xem ông làm_việc . Ông đan gùi mắt to gùi mắt nhỏ . Thứ để lúa bắp trong kho , thứ để mang đi rẫy .",Usual
Hôm_qua bà đan được chín cái .,Usual
"Ở ngoài sân , anh rể Yôl đang nói_chuyện với hai người lạ .",Usual
"Từ đó , người ta gọi tảng đá đó là đá Hơ_Biên .",Usual
Hôm_qua anh_trai đan được 8 cái .,Usual
"Làm_cỏ , xới đất : Để hạn_chế cạnh_tranh dinh_dưỡng giữa cây nho và cây_cỏ , nhằm chủ_động phòng_trừ sâu , bệnh cần phải làm_cỏ thường_xuyên và xới đất làm cho đất tơi , thoáng_khí .",Science
Anh rể Sá là người chăm_chỉ .,Usual
"Trưởng ban : Ông Nguyễn_Tuấn_Thanh , Phó Chủ_tịch UBND tỉnh Bình_Định .",Politics
Hoàng_hôn mới đan được ba cái .,Usual
"Căn_cứ dự_toán ngân_sách đã được Thủ_tướng Chính_phủ giao và phần ngân_sách địa_phương tự đảm_bảo , Sở Tài_chính chủ_trì phối_hợp với Sở Nông_nghiệp và PTNT lập dự_toán chi thực_hiện chính_sách theo Quyết_định 48/2010/QĐ-TTg ,",Politics
"UB Hội LHTN huyện Vĩnh_Thạnh tổ_chức Đại_hội đại_biểu Hội LHTN Việt_Nam huyện Vĩnh_thạnh lần thứ VIII , nhiệm_kỳ 2019 – 2024",Social
"Bên cạnh đó , UBND huyện còn chỉ_đạo cho ngành chức_năng đẩy_mạnh công_tác chuyển_giao tiến_bộ kỹ_thuật cho nông_dân , hướng_dẫn cho bà_con lựa_chọn cây_trồng - vật_nuôi phù_hợp",Science
"Cử_tri xã Vĩnh_Hoà đề_nghị UBND tỉnh có chính_sách ưu_đãi nâng mức vốn vay , kéo_dài thời_gian đáo_hạn và miễn , giảm lãi_suất cho vay đối_với các hộ dân_tộc_thiểu_số ngèo",Social
Bà cứ nghỉ ở nhà cho khoẻ .,Usual
"Bà_con phấn_khởi thi_đua lao_động sản_xuất , phát_triển chăn_nuôi , nhiều hộ đã xây_dựng được nhà ngói , mua_sắm được xe_máy , ti_vi , không ai phải lo thiếu cái ăn , cái mặc",Social
Căn_cứ Luật Người cao_tuổi ngày 23 tháng 11 năm 2009,Politics
"Bên cạnh những kết_quả đạt được , các đại_biểu cũng đã thảo_luận và đề ra các giải_pháp thực_hiện trong thời_gian tới như : MTTQ Việt_Nam từ huyện đến cơ_sở tiếp_tục phát_huy kết_quả đạt được , tích_cực triển_khai thực_hiện có hiệu_quả các giải_pháp , nhiệm_vụ đề ra trong những tháng cuối năm 2019",Politics
"Theo đó , HĐND xã tập_trung giám_sát các nội_dung : Công_tác thực_thi pháp_luật , đảm_bảo quốc_phòng an_ninh , công_tác chuẩn_bị năm_học mới …",Social
"Sự hy_sinh của bà_con rất lớn , Đảng và Nhà_nước luôn ghi_nhận , biểu_dương .",Social
"Hoàn_thiện , điều_chỉnh hệ_thống các tiêu_chuẩn , quy_chuẩn về giống phù_hợp với điều_kiện trong nước và luật_pháp quốc_tế .",Politics
"Đơn_vị quản_lý vận_hành nhà ở sinh_viên có trách_nhiệm thông_báo cho các cơ_sở đào_tạo và trên phương_tiện thông_tin_đại_chúng về địa_điểm , số_lượng chỗ ở , địa_chỉ nhận đơn và thời_hạn nhận đơn .",Politics
"Đến năm 2030 đón được 10 triệu lượt khách , trong đó có 1,8 triệu lượt khách quốc_tế , tốc_độ tăng_trưởng bình_quân khách_hàng năm đạt 6,1% / năm .",Social
"Kiểm_soát chặt_chẽ học_sinh , học_viên từ vùng dịch về địa_bàn huyện ; phát_hiện kịp_thời và báo ngay cho cơ_quan y_tế về trường_hợp nghi_ngờ , trường_hợp có dấu_hiệu bị bệnh để phòng , tránh nguy_cơ lây_lan dịch_bệnh",Social
Lúc nãy dượng đi chợ bán củi .,Usual
"Nhúng , phun thuốc đậu quả : Sau khi tỉa hoa xong nhúng hoặc phun thuốc đậu quả ngay để tăng khả_năng đậu quả . sử_dụng thuốc : Sistep VN .",Science
"Chú_trọng tập_huấn , bồi_dưỡng kỹ_năng PBGDPL , cập_nhật thông_tin , kiến_thức pháp_luật",Social
"Chủ_tịch UBND tỉnh yêu_cầu Thủ_trưởng các sở , ngành liên_quan và Chủ_tịch UBND các huyện , thị_xã , thành_phố tổ_chức thực_hiện tốt một_số nội_dung chủ_yếu sau đây :",Politics
"Ở ngoài sân , bà Yôl đang nói_chuyện với sáu người lạ .",Usual
"Tăng_cường kiểm_tra hoạt_động phúc_kiểm tại các chốt kiểm_dịch động_vật đầu_mối giao_thông , đảm_bảo thực_hiện đúng quy_trình kiểm_dịch theo quy_định .",Social
Mục_tiêu xây_dựng công_trình,Social
"Chỉ_đạo , điều_hành của Chính_phủ , Thủ_tướng Chính_phủ và của tỉnh , gắn với nhiệm_vụ chính_trị , công_tác xây_dựng , thi_hành và bảo_vệ pháp_luật thuộc trách_nhiệm của cơ_quan , đơn_vị , địa_phương .",Politics
Ngân_sách nhà_nước dự_kiến hỗ_trợ,Politics
"Khi sâu ở mật_độ cao , dùng một trong các loại thuốc sau để diệt_trừ : Sherpa 25EC , Cyperan 25 EC … liều dùng theo khuyến_cáo trên nhãn_mác .",Science
Làng có khoảng trên 6 mươi gia_đình người Kinh .,Social
Sau đó làm sạch đất_cát để không gây trở_ngại cho việc phân_loại hạt trong quá_trình chế_biến .,Science
Mức thu học_phí điều_chỉnh,Social
"Ở ngoài sân , chị Yôl đang nói_chuyện với 3 người lạ .",Usual
ầm_ầm ( tiếng voi rống ),Usual
"Bỗng_nhiên , Min_Địch nghe thấy một giọng nói ấm_áp :",Usual
"Lúc nãy , Yôl thường thả dê ở bãi có gần hồ , rồi đi lấy củi .",Usual
"Xế trưa , Yôl thường thả vịt ở bãi có gần hồ , rồi đi lấy củi .",Usual
Hôm_kìa mợ đi chợ bán củi .,Usual
Một bạn khác thích làm phi_công .,Usual
Hoàng_hôn mới đan được bốn cái .,Usual
"Hôm kỉa , Yôl thường thả gà ở bãi có gần hồ , rồi đi lấy củi .",Usual
"Cách đây mười năm , cũng như nhiều gia_đình Ba na khác , nhà bác Nam không phải là 1 gia_đình khá_giả .",Usual
Hôm_qua bác đan được 5 cái .,Usual
"Là một hoạt_động văn_hoá , thể_thao và du_lịch nhằm tôn_vinh các giá_trị truyền_thống của dân_tộc",Social
Là nơi lưu_giữ và quảng_bá Võ cổ_truyền Bình_Định ; góp_phần giữ_gìn và phát_huy bản_sắc văn_hoá dân_tộc,Social
"Lá non bị hại thì trên phiến_lá xuất_hiện các chấm màu đen , lá cong và biến_dạng và khô trên cây . Trên bề_mặt hạt non bị gây hại có những đốm tròn , nâu , hạt bị nhăn lại và khô . Quả bị gây hại thì bị rụng non . Vết chích của bọ_xít còn tạo điều_kiện cho nấm bệnh xâm_nhập .",Science
"Lúc đầu , tôi đang đi học lớp 1 ở trường làng .",Usual
Kinh_phí còn lại ( tối_đa 40% ) do người nông_dân đóng_góp .,Politics
"Kết_quả bước_đầu trong việc thực_hiện liên_thông giải_quyết thủ_tục hành_chính trên phần_mềm một cửa điện_tử , có sự tham_gia chặt_chẽ , đồng_bộ của các cơ_quan ngành_dọc , được người_dân , tổ_chức và các cơ_quan , cấp trên ghi_nhận , đánh_giá tốt",Politics
Căn_cứ Nghị_quyết số 04/2015/NQ-HĐND ngày 10/7/2015 của Hội_đồng_nhân_dân tỉnh khoá XI,Politics
"Nếu không phát_hiện sớm , phun thuốc đúng lúc và điều_trị triệt_để thì nấm có_thể làm tàn_lụi giàn lá , đọt non trước khi cắt cành , làm giảm diện_tích quang_hợp ảnh_hưởng đến năng_suất vụ tới .",Science
Buổi tối mới đan được chín cái .,Usual
"Buổi chiều , mình đang đi học lớp 4 ở trường làng .",Usual
"Về xây_dựng , quản_lý , khai_thác Tủ_sách pháp_luật , Chương_trình PBGDPL giai_đoạn 2017 - 2021 , các Chương_trình phối_hợp , Đề_án về PBGDPL , hoà_giải ở cơ_sở theo hướng tăng_cường công_tác quản_lý_nhà_nước",Politics
Chuẩn_bị vật_tư dự_trữ cho công_tác hộ_đê,Social
Hôm_qua ông đan được ba cái .,Usual
"Lúc trước , Yôl cùng chú sang thăm .",Usual
"Ở ngoài sân , ba Yôl đang nói_chuyện với 4 người lạ .",Usual
"Bây_giờ , mình đang đi học lớp bảy ở trường làng .",Usual
Không biết anh đi đâu .,Usual
"Những đêm rằm , cậu thường kể chuyện cho Yôl nghe .",Usual
"Lúc nãy , mình đang đi học lớp một ở trường làng .",Usual
Điều 5 . Điều_kiện về kích_thước thiết_kế mặt_cắt kênh kiên_cố_hoá được hỗ_trợ,Politics
"Lãnh_đạo các tỉnh , thành ;",Politics
Bà của Yôl biết rất nhiều chuyện dân_tộc Kinh .,Usual
"Thông_báo cụ_thể thời_gian , địa_điểm làm thủ_tục dự thi ; thu lệ_phí thi ; thời_gian , địa_điểm tổ_chức ôn_tập ( nếu có ) ;",Politics
"Nhằm chủ_động trong công_tác phòng_chống dịch trên địa_bàn huyện đ / c Lê_Văn_Đẩu , chủ_tịch UBND huyện - Trưởng BCD yêu_cầu các cơ_quan , đơn_vị và ngành chức_năng tiếp_tục tăng_cường công_tác tuyên_truyền nhằm định_hướng và giúp người_dân biết cách phòng_tránh dịch",Politics
Phóng_sự sau đây của Xuân_Dũng phản_ánh về niềm vui của người_dân khi công_trình kè chống xói_lở bờ sông Kôn được xây_dựng,Social
"Ngày 12.2 vừa_qua , Đảng_bộ xã Vĩnh_Thuận đã tổ_chức thành_công đại_hội lần thứ IV , nhiệm_kỳ 2020 - 2025",Social
"Trường Mẫu_giáo xã Vĩnh_Sơn là một trong những điểm trường còn nhiều khó_khăn của huyện Vĩnh_Thạnh , thiếu_thốn về trang_thiết_bị , dụng_cụ học_tập , đường_sá đi_lại còn khó_khăn",Social
Nhóm giải_pháp kinh_tế - kỹ_thuật ;,Politics
"Qua đó , góp_phần có hiệu_quả trong phòng_ngừa , đấu_tranh với tội_phạm , tệ_nạn xã_hội ; huy_động sức_mạnh tổng_hợp của cả hệ_thống chính_trị , của toàn dân vào công_tác phòng , chống tội_phạm",Social
"Ông Võ_Mai_Hưng , Phó Giám_đốc Sở Công_Thương",Politics
Tất_cả các thanh_niên nhập_ngũ đều đạt các tiêu_chuẩn về trình_độ văn_hoá và sức_khoẻ,Social
Làng có khoảng trên 8 mươi gia_đình người Kinh .,Social
Hàng tháng phát_động đợt ra_quân vệ_sinh và tiêu độc sát_trùng môi_trường phòng_chống dịch_bệnh do virus corona và dịch_bệnh động_vật thuộc địa_bàn . Vận_động người chăn_nuôi tích_cực duy_trì công_tác này .,Social
"Chú_ý các chính_sách , chế_độ khuyến_khích các võ_sư cao_niên trao truyền các bài võ , thuốc võ",Social
"Nàng ngẩng đâu lên thấy 1 con trăn khổng_lồ ở trước mặt , hai mắt nó sáng_quắc .",Usual
"Nhờ sự nỗ_lực của Đảng_bộ , chính_quyền , nhân_dân địa_phương đã khắc_phục những khó_khăn , thách_thức , phát_huy nội_lực , để vươn lên phát_triển",Social
"Theo đó , mục_tiêu của Nghị_quyết HĐND huyện năm 2020 , tổng_sản_phẩm địa_phương tăng 14,6% , trong đó nông – lâm_nghiệp và thuỷ_sản tăng 6,4% ; công_nghiệp – tiểu_thủ_công_nghiệp tăng 23,4% ; thương_mại dịch_vụ và du_lịch tăng 19,1% : Thu_nhập bình_quân đầu người 30,737 triệu đồng / năm ; tổng vốn đầu_tư phát_triển 161.154 triệu đồng ; tổng_thu ngân_sách 263.597 triệu đồng , trong đó thu ngân_sách địa_phương 88.720 triệu đồng ; phấn_đấu giảm tỷ_lệ hộ nghèo xuống dưới 30% ; tỷ_lệ trẻ_em dưới 5 tuổi suy_dinh_dưỡng giảm dưới 10%",Social
"Được diễn ra từ ngày 08/8/2019 đến ngày 11/8/2019 tại thành_phố Quy_Nhơn và các huyện , thị_xã trong tỉnh .",Social
"Phát_huy vai_trò là trung_tâm xây_dựng khối đại_đoàn_kết dân_tộc , MTTQ Việt_Nam huyện Vĩnh_Thạnh đã tích_cực vận_động nhân_dân tham_gia xây_dựng chính_quyền ngày_càng vững_mạnh , thực_hiện tốt quy_chế dân_chủ ở cơ_sở , góp_phần thực_hiện thắng_lợi mục_tiêu phát_triển KT-XH ở địa_phương",Social
Buổi sáng mới đan được năm cái .,Usual
Quyết_định số 2519 / QĐ-BNN-KHCN ngày 29 tháng 6 năm 2018 của Bộ_trưởng Bộ Nông_nghiệp và Phát_triển nông_thôn ( có Phụ_lục kèm theo ) .,Politics
Bà đang đan hai cái nữa .,Usual
"Tranh_thủ vốn hỗ_trợ của Trung_ương , vốn ODA , ngân_sách của tỉnh , cấp huyện , các nhà_đầu_tư và các nguồn vốn hợp_pháp khác .",Politics
1 đàn bướm trắng_nhởn nhơ bay .,Usual
"Thực_hiện tốt công_tác huy_động trẻ_em DTTS đến trường đúng tuổi , vận_động số học_sinh người DTTS bỏ học trở_lại_trường",Social
"Sáng nay , tôi đang đi học lớp năm ở trường làng .",Usual
Kinh_phí chi thường_xuyên sự_nghiệp giáo_dục cho các trường từ mầm_non đến trung_học_phổ_thông được chuyển_đổi loại_hình,Social
"Rác_thải thu_gom được chị_em xử_lý bằng cách đốt , hoặc được tập_kết ra khu_vực thuận_tiện để vận_chuyển đi nơi khác tiêu_huỷ , nhiều gia_đình bước_đầu xây_dựng được thói_quen , ý_thức vệ_sinh môi_trường trong cộng_đồng",Social
"Ban Dân_tộc tỉnh phối_hợp với Sở Văn_hoá , Thể_thao và Du_lịch và các sở , ban , ngành , đoàn_thể liên_quan",Politics
"Hội_nghị , đào_tạo , tập_huấn : 372.000.000 đồng",Social
Đồng_thời tham_gia công_tác quảng_bá thương_hiệu Bình_Định thông_qua việc đón_tiếp khách tham_quan,Social
Kế_hoạch số 86 / KH-UBND ngày 17/10/2019 của UBND tỉnh Bình_Định thực_hiện Đề_án cơ_cấu lại ngành du_lịch đáp_ứng nhu_cầu phát_triển thành ngành kinh_tế mũi_nhọn trên địa_bàn tỉnh theo Quyết_định 1685 / QĐ-TTg ngày 05/12/2018 của Thủ_tướng Chính_phủ .,Politics
"Vì_vậy , việc xây_dựng nông_thôn mới đặt ra mục_tiêu , tiêu_chí cho các vùng nông_thôn cũng vừa là thách_thức vừa là động_lực , là cơ_hội để bộ_mặt nông_thôn khởi_sắc trên đà phát_triển",Social
"Bên cạnh công_tác chuyên_môn , cô Hà đối_với nhiều học_sinh như một người bạn đặc_biệt .",Usual
"Rừng đem lại cho chúng_ta gỗ để làm nhà_cửa , củi để đun_nấu .",Usual
"Hôm nọ , Yôl ra vườn cùng bố .",Usual
Ông đang đan mười cái nữa .,Usual
"Đây là khu bến chính của cảng biển Quy_Nhơn , bao_gồm : Đầu_tư nâng_cấp Bến Quy_Nhơn , Bến Tân_Cảng Quy_Nhơn , Bến Thị_Nại , Bến Tân_Cảng miền Trung , Bến Đống_Đa .",Social
"Kết_luận hội_nghị , đ / c Hồ_Xuân_Ánh , TUV , Bí_thư Huyện_uỷ nhấn_mạnh , năm 2020 các đơn_vị cần tập_trung cao trong thực_hiện nhiệm_vụ , nhất_là bảo_đảm an_toàn tuyệt_đối trong tổ_chức Đại_hội Đảng các cấp , nhiệm_kỳ 2020 - 2025",Politics
Buổi sáng bác đi chợ bán củi .,Usual
"Việc đóng_góp ý_kiến của các cơ_quan , tổ_chức , cán_bộ , đảng_viên và nhân_dân trong huyện vào các dự_thảo văn_kiện đại_hội đảng_bộ các cấp , nhất_là Đại_hội XVIII Đảng_bộ huyện , Đại_hội XX Đảng_bộ tỉnh và Đại_hội XIII của Đảng .",Politics
"Hướng_dẫn các chủ đầu_tư dự_án nhà ở sinh_viên sử_dụng thiết_kế mẫu , thiết_kế điển_hình ;",Social
"Hiện_nay , tình_hình thời_tiết đang chuyển dần sang mùa mưa_bão , tình_hình rét lạnh , lụt_bão có_thể xảy ra bất_cứ lúc_nào , điều_kiện thời_tiết diễn_biến phức_tạp sẽ tác_động bất_lợi đến sự sinh_trưởng , phát_triển của đàn gia_súc , gia_cầm và là nguyên_nhân phát_sinh dịch_bệnh .",Social
"Tổng_hợp , báo_cáo kết_quả định_kỳ và đột_xuất :",Politics
"Ngày_xưa , có hai con quỷ cùng tên là Prôm thường xuống vùng sông Kôn để ăn thịt dân_làng Ba na . Thỉnh_thoảng , chúng còn xuôi xuống tận hạ_lưu để ăn thịt người Chăm .",Usual
"Và chi_phí học_tập khác không vượt quá 5% thu_nhập bình_quân hộ gia_đình ở mỗi vùng ,",Social
"Có đứa đến từ chập_tối , lấy chổi quét sạch chỗ trước .",Usual
Thế đi cắt cỏ_gianh phải mang gì đi ?,Usual
Sở Giáo_dục và Đào_tạo,Education
"Như mọi chủ_nhật , lúc đó Yôl ngủ dậy muộn .",Usual
Bà ấy đã lấy chồng ở làng bên nên thường về thăm nhà .,Usual
Làng có khoảng trên tám mươi gia_đình người Ba na .,Social
"Điều 3 . Chánh Văn_phòng UBND tỉnh , Giám_đốc các Sở :",Politics
"Có_thể nói , sau 15 năm qua tái định_cư , tình_hình kinh_tế - xã_hội ở xã vùng_cao Vĩnh_Thuận có nhiều chuyển_biến tích_cực , quốc_phòng - an_ninh đảm_bảo , đời_sống vật_chất và tinh_thần của người_dân được cải_thiện đáng_kể , góp_phần xây_dựng Đảng , xây_dựng chính_quyền trong_sạch , vững_mạnh",Social
"Có lúc thì theo sau , lúc thì vụt chạy lên trước , có_vẻ vui_thích lắm .",Usual
"Lúc đầu , Yôl cùng chị_gái sang thăm .",Usual
"Đối_với những địa_phương có tỷ_lệ đồng_bào dân_tộc_thiểu_số cao và ở cách xa trung_tâm huyện như xã Vĩnh_Sơn , Vĩnh_Kim , Trung_tâm y_tế huyện đã triển_khai đồng_loạt các giải_pháp , nhằm đảm_bảo cho nhu_cầu chăm_sóc sức_khoẻ tốt nhất cho người_dân ở đây",Social
"Đến thăm làng Tà_Điệk , xã Vĩnh_Hảo , có_thể dễ_dàng nhận ra những đổi_thay trong đời_sống của đồng_bào Bana ở đây từ những ngôi nhà mái ngói đỏ tươi , từ những con đường hoa được bà_con trồng và chăm_sóc tạo nên cảnh quang tươi_mát của ngôi làng vùng_cao",Social
"Trong quá_trình tổ_chức thực_hiện kế_hoạch , nếu cần_thiết sửa_đổi , bổ_sung những nội_dung cụ_thể , các sở , ban , ngành , cơ_quan , đơn_vị , địa_phương có liên_quan đề_xuất kịp_thời về Sở Nông_nghiệp và Phát_triển nông_thôn để tổng_hợp , báo_cáo Uỷ_ban_nhân_dân tỉnh xem_xét , quyết_định",Politics
Chú_ý : Sử_dụng thuốc theo nồng_độ ghi ở nhãn thuốc .,Science
Hôm_qua chú đan được mười cái .,Usual
Hôm_qua anh rể đan được 100 cái .,Usual
"Sau 3 - 4 lứa thấy cánh mộc_nhĩ mỏng , bé thì ngừng tưới 2 - 3 tuần để khô gỗ rồi chăm_sóc tiếp như lúc đầu_ra giàn .",Science
"Đứng trên công_trình kè chống xói_lở bờ sông Kôn đang được xây_dựng , bà_con ở đây ai cũng cảm_thấy rất vui_mừng vì từ nay hình_ảnh thường dòng lũ xiết cuốn cây rừng xô ầm_ầm vào tường nhà , hay những mảng đất lở cuốn theo hoa_màu vào lòng_sông Kôn vào mỗi mùa mưa_lũ sẽ không còn nữa",Social
Làng có khoảng trên một trăm gia_đình người Ba na .,Social
"Sáng ngày 24.9 , Phòng Dân_tộc huyện Vĩnh_Thạnh phối_hợp Công_ty cổ_phần muối và thực_phẩm Bình_Định tổ_chức cấp_phát tổng_cộng 30.450 kg muối I-ốt cho 5.075 nhân_khẩu là người đồng_bào dân_tộc_thiểu_số trên địa_bàn 2 xã Vĩnh_Kim và Vĩnh_Sơn , bình_quân mỗi nhân_khẩu được nhận 6 kg muối",Social
Tiến đến xây_dựng hồ_sơ trình UNESCO công_nhận Võ cổ_truyền Bình_Định là di_sản văn_hoá phi vật_thể của nhân_loại .,Social
Thường_trực Hội_đồng_nhân_dân tỉnh làm_việc với Hội_đồng trẻ_em,Politics
"Cục Quản_lý thị_trường : Phối_hợp các cơ_quan liên_quan , tăng_cường các biện_pháp kiểm_soát lưu_thông , mua_bán động_vật , sản_phẩm động_vật ; kịp_thời phát_hiện , xử_lý nghiêm các trường_hợp vi_phạm .",Politics
"Phối_hợp cùng lực_lượng các xã , thị_trấn , Công_ty TNHH LN Sông Kôn và BQL rừng_phòng_hộ tổ_chức kiểm_tra truy_quét rừng , tập_trung khu_vực trọng_điểm về phá rừng , khai_thác gỗ ; thường_xuyên giám_sát hoạt_động sản_xuất nương_rẫy , ngăn_ngừa tình_trạng lấn rừng , rong rừng",Social
"Min_Địch kể lại đầu_đuôi câu_chuyện . Con trăn đào một gùi đầy củ_mài rồi đưa nàng về nhà . Đến nhà của Min_Địch , trăn lột_xác biến thành một chàng trai tuấn_tú và hỏi cưới Min_Địch .",Usual
"Phạm_vi tuyển_dụng : Tuyển_dụng_viên_chức vào làm_việc tại các cơ_sở giáo_dục trung_học_cơ_sở , tiểu_học , mầm_non thuộc các huyện :",Education
Bình_minh dượng đi chợ bán củi .,Usual
"Ông Nguyễn_Huỳnh_Huyện , Phó Trưởng ban Ban Tuyên_giáo Tỉnh_uỷ .",Politics
Dượng đang đan 9 cái nữa .,Usual
Cậu đang đan ba cái nữa .,Usual
Làng có khoảng trên mười gia_đình người Chăm .,Social
"Bà Lê_Thị_Vinh_Hương , Phó Giám_đốc Sở Du_lịch",Politics
Chỉ bị bong_gân thôi .,Usual
"Má mua cho Yôl một cái quần màu xanh , một cái quần màu tím .",Usual
"Công_tác tổ_chức cán_bộ được quan_tâm chỉ_đạo đi vào nề_nếp , thực_hiện cơ_bản tốt các khâu trong công_tác cán_bộ ; công_tác lãnh_đạo , chỉ_đạo , hướng_dẫn việc kiểm_điểm , đánh_giá , xếp loại chất_lượng năm 2019 đối_với tổ_chức đảng , đảng_viên và tập_thể , cá_nhân cán_bộ lãnh_đạo , quản_lý các cấp đảm_bảo theo quy_định ; năm qua , huyện Vĩnh_Thạnh cũng đã thực_hiện hoàn_thành việc sắp_xếp các tổ_chức cơ_sở đảng phù_hợp với sắp_xếp tổ_chức bộ_máy tại một_số cơ_quan , đơn_vị",Politics
"Công_an tỉnh , Bộ_Chỉ_huy Bộ_đội Biên_phòng tỉnh , Sở Lao_động - Thương_binh và Xã_hội , Sở Nông_nghiệp và Phát_triển nông_thôn ,",Politics
"Chọn tạo giống vật_nuôi chủ_lực có năng_suất , chất_lượng cao , kháng bệnh , giống thích_ứng với biến_đổi khí_hậu .",Science
"Có bằng tốt_nghiệp trung_cấp trở lên chuyên_ngành văn_thư lưu_trữ , nếu tốt_nghiệp chuyên_ngành khác thì phải có chứng_chỉ bồi_dưỡng bổ_sung kiến_thức nghiệp_vụ văn_thư ;",Education
"Như mọi chủ_nhật , hôm_kìa Yôl ngủ dậy muộn .",Usual
"Về cơ_chế , chính_sách , đối_tượng hỗ_trợ , mức hỗ_trợ kinh_phí trong phòng , chống bệnh Dịch_tả heo Châu_Phi , Ngân_sách địa_phương tiếp_tục hỗ_trợ cho việc tiêu_huỷ heo mắc bệnh theo Quyết_định số 2310 / QĐ-UBND ngày 05/7/2019 cho đến khi có Quyết_định mới của Chính_phủ .",Politics
"Phối_hợp với các địa_phương chuẩn_bị các điều_kiện , cơ_sở vật_chất phục_vụ hoạt_động biểu_diễn võ_thuật của các đoàn võ_thuật trong nước và quốc_tế .",Social
"Thực_hiện hỗ_trợ khoán , chăm_sóc quản_lý bảo_vệ rừng ; hỗ_trợ mua vắc sin tiêm phòng , phòng_chống dịch_bệnh cho động_vật ;",Social
"Đẩy_mạnh sản_xuất theo hướng thâm_canh , chuyển_đổi mùa_vụ , đưa các loại giống cây , con có giá_trị kinh_tế cao vào sản_xuất để nâng cao giá_trị thu_nhập",Science
"Trong đó , có 11 suất với mức 400 nghìn đồng , 991 suất 200 nghìn đồng . Tổng kinh_phí thực_hiện với số tiền hơn 202 triệu đồng",Social
Mục_tiêu cụ_thể đến năm 2030,Social
Chi_phí quản_lý dự_án :,Politics
Bác đang đan một trăm cái nữa .,Usual
Sản_phẩm rau_an_toàn Vĩnh_Sơn hiện đã có_mặt tại hệ_thống siêu_thị Big_C khu_vực miền Trung,Social
Bình_minh mới đan được 3 cái .,Usual
"Phối_hợp với Bộ Nông_nghiệp và Phát_triển nông_thôn xây_dựng , điều_chỉnh các chính_sách triển_khai thực_hiện Chương_trình .",Politics
"Bà Nguyễn_Đặng_Thị_Thu Hoà , Phó Giám_đốc Sở Thông_tin và Truyền_thông ;",Politics
Lúc nãy mới đan được hai cái .,Usual
Hôm_qua anh_trai đan được 2 cái .,Usual
Về các vấn_đề liên_quan đến trẻ_em tại địa_phương . Hội_đồng trẻ_em là một trong những kênh quan_trọng đại_diện cho tiếng_nói của trẻ_em toàn tỉnh .,Social
Yêu_cầu các yếu_tố môi_trường ở từng giai_đoạn phát_triển của mộc_nhĩ rất khác nhau .,Social
Yôl rất tự_hào về cá nhà mình .,Usual
Sang trường công_lập hoạt_động theo cơ_chế tự_chủ tài_chính được ngân_sách nhà_nước hỗ_trợ,Politics
"Đến năm 2025 , phấn_đấu tỷ_lệ lấp đầy Khu kinh_tế Nhơn_Hội đạt 55% diện_tích với các nhiệm cụ_thể như sau",Social
Căn_cứ Pháp_lệnh Phí và Lệ_phí ngày 28/8/2001,Politics
Hôm kỉa mới đan được bốn cái .,Usual
Tất_cả là 7 cái .,Usual
"Theo đó , học_sinh Trung_học_cơ_sở và Trung_học_phổ_thông ; học_viên Trung_tâm GDNN - GDTX huyện Vĩnh_Thạnh đi học trở_lại từ ngày 27.4.2020",Social
"Cày sâu 20 – 25cm , cày 2 lần , mỗi lần cách nhau 10 – 15 ngày , bừa 2 lần ( lần 1 sau khi cày lật lần 1 khoảng 7 – 15 ngày và bừa lần 2 sau khi cày lần 2 từ 5 – 7 ngày ) .",Science
"Ngày 19.10 , Ban Nữ công , Công_đoàn Văn phòng UBND tỉnh tổ chức thăm , giao_lưu và tặng quà cho đơn vị kết nghĩa Hội LHPN xã Vĩnh Hòa , huyện Vĩnh Thạnh",Social
"Các tổ_chức Đảng , chính_quyền , đoàn_thể ở địa_phương nhân "" Ngày Văn_hoá các dân_tộc Việt_Nam """,Politics
Nếu cháy rừng thì tất_cả chúng_tôi cùng dập lửa .,Usual
120 năm ngày_sinh Chủ_tịch Hồ_Chí_Minh ( 19/5 ) ; 65 năm ngày Quốc_khánh ( 02/9 ) ; đại_lễ kỷ_niệm 1.000 năm Thăng_Long - Hà_Nội ( 10/10 ) .,Politics
Hôm_qua chị_gái đan được 9 cái .,Usual
"Đồng_thời cấp 10 tấn phân_bón hữu_cơ vi_sinh cho nông_dân bón_lót trước khi trồng , nhằm tăng_cường các nguyên_tố dinh_dưỡng và độ mùn trong đất",Science
Nguồn kinh_phí của nông_dân .,Social
"Sáng nay , Yôl thường thả ngựa ở bãi có gần hồ , rồi đi lấy củi .",Usual
"Sở Giáo_dục và Đào_tạo cập_nhật phương_án PCTT và TKCN năm 2020 , bảo_đảm an_toàn tính_mạng học_sinh , giáo_viên",Education
"Tổ_chức tuyên_truyền , giới_thiệu , quảng_bá và các hoạt_động khác nhằm phát_huy giá_trị các di_tích lịch_sử - văn_hoá",Social
Thời_gian thực_hiện : Quý I / 2020 .,Politics
Căn_cứ Nghị_quyết 753/2005/NQ-UBTVQH11 ngày 02 tháng 4 năm 2005 của Uỷ_ban Thường_vụ Quốc_hội ban_hành Quy_chế hoạt_động của Hội_đồng_nhân_dân ;,Politics
"Lượng phân_bón cho điều thường được chia làm 2 đợt , đợt 1 bón vào đầu mùa mưa ( tháng 5 - 6 ) , đợt 2 bón vào cuối mùa mưa nhưng phải trước khi chấm_dứt mưa khoảng 1 tháng ( tháng 9-10 ) .",Science
Chỉ thấy tảng đá chị_gái hay ngồi bỗng xuất_hiện dòng chữ kì_lạ trông rất đẹp .,Usual
Hôm_qua bà đan được 2 cái .,Usual
Định_mức lượng giống lúa lai cho 1 ha gieo_trồng : 40 - 45 kg / ha .,Science
"Ở hầu_hết các xã , thị_trấn công_tác hoà_giải được làm tốt và được nhân_dân tin_tưởng , ủng_hộ ; hiệu_quả của công_tác này có tác_động rất lớn đến sự phát_triển kinh_tế – xã_hội , góp_phần tích_cực xây_dựng_gia_đình hạnh_phúc , xây_dựng khu dân_cư , làng văn_hoá và ổn_định tình_hình an_ninh trật_tự tại cơ_sở",Social
Hôm_qua bác đan được 10 cái .,Usual
Nhờ đó tình_hình KT-XH vùng đồng_bào dân_tộc_thiểu_số ở huyện Vĩnh_Thạnh đã có sự chuyển_biến rõ_rệt,Social
Lúc nãy ông đi chợ bán củi .,Usual
Ngày hôm_kia mới đan được tám cái .,Usual
"Trung_tâm Phát_triển quỹ đất tỉnh tổ_chức bồi_thường , giải_phóng mặt_bằng tạo quỹ đất để xây_dựng khu nhà ở sinh_viên tập_trung ;",Politics
"Sáng ngày 4.3 , Đảng_uỷ xã Vĩnh_Quang tổ_chức hội_nghị quán_triệt học_tập nội_dung chuyên_đề năm 2020 cho toàn_thể đảng_viên trong Đảng_bộ",Social
"Ở ngoài sân , ông Yôl đang nói_chuyện với 6 người lạ .",Usual
"Cải_cách hành_chính ; cải_cách tư_pháp ; phòng , chống tham_nhũng , lãng_phí ;",Politics
Sáng nay mới đan được 1000 cái .,Usual
"Sáng sớm , tớ đang đi học lớp chín ở trường làng .",Usual
Bố đang đan 8 cái nữa .,Usual
Xế trưa mới đan được tám cái .,Usual
"Nâng_cấp , mở_rộng các tuyến đường tỉnh kết_nối với vùng ven biển .",Social
Phối_hợp với Sở Tài_chính xây_dựng dự_toán kinh_phí tổ_chức kỳ thi .,Politics
Ngày_kia mới đan được 10 cái .,Usual
"Phong_trào thi_đua "" Dân_vận khéo """,Social
"Ở ngoài sân , dượng Yôl đang nói_chuyện với mười người lạ .",Usual
"Các ban , ngành , đoàn_thể tham_mưu giúp đảng_uỷ , UBND xã triển_khai thực_hiện các giải_pháp phát_triển kinh_tế - xã_hội , công_tác xây_dựng Đảng , xây_dựng chính_quyền và vận_động quần_chúng được tăng_cường",Politics
Thực_hiện Chương_trình hành_động số 16 - CTr / TU ngày 18/7/2013 của Tỉnh_uỷ Bình_Định,Politics
"Sở Y_tế chỉ_đạo , kiểm_tra các bệnh_viện , cơ_sở y_tế thực_hiện các biện_pháp bảo_đảm an_toàn khi xảy ra thiên_tai .",Politics
"Khi đó , mình đang đi học lớp 3 ở trường làng .",Usual
"Quyết_định số 36/2018/QĐ-UBND ngày 20/7/2018 của UBND tỉnh về việc ban_hành Quy_định một_số chính_sách ưu_đãi , hỗ_trợ đầu_tư xây_dựng công_trình cấp nước_sạch nông_thôn trên địa_bàn tỉnh ;",Politics
Quy_định quản_lý và sử_dụng kinh_phí chăm_sóc sức_khoẻ ban_đầu cho người cao_tuổi tại nơi cư_trú ;,Social
Giúp_việc Hội_đồng tuyển_dụng ( Uỷ_viên kiêm thư_ký Hội_đồng tuyển_dụng ) .,Politics
Chương_II : Nội_dung chính_sách,Politics
Bố cứ nghỉ ở nhà cho khoẻ .,Usual
"Xác_định ý_nghĩa và tầm quan_trọng đó , trong thời_gian qua , Huyện_uỷ Vĩnh_Thạnh đã chú_trọng triển_khai thực_hiện tốt công_tác chuẩn_bị Đại_hội theo tinh_thần Chỉ_thị số 35 của Bộ_Chính_trị và Kế_hoạch số 58 của Ban Thường_vụ Tỉnh_uỷ Bình_Định về Đại_hội Đảng_bộ các cấp , tiến tới Đại_hội đại_biểu toàn_quốc lần thứ XIII của Đảng",Politics
"Thông_số thiết_kế kênh bê_tông mặt_cắt chữ_nhật gồm 123 mặt_cắt , có kích_thước chiều rộng B ( m ) , chiều cao H ( m ) , chiều dày t ( m ) ; trong đó cần xác_định cao_độ mực nước khống_chế tưới , độ dốc đáy kênh , diện_tích tưới , lưu_lượng thiết_kế để chọn kích_thước mặt_cắt kênh tại Phụ_lục 2 .",Politics
"Chủ_tịch Uỷ_ban_nhân_dân các huyện , thị_xã , thành_phố",Politics
"Nghị_định số 92/2017/NĐ-CP ngày 07 tháng 8 năm 2017 của Chính_phủ sửa_đổi , bổ_sung một_số điều của các nghị_định liên_quan đến kiểm_soát thủ_tục hành_chính ;",Politics
"Sau khi công_bố kết_quả điểm vòng 2 , điểm phúc_khảo vòng 2 ( nếu có )",Politics
"Các xã Nhơn_Lý , Nhơn_Hải , Nhơn_Hội , Nhơn_Châu , Phước_Mỹ thuộc thành_phố Quy_Nhơn và các thôn , xã miền núi theo quy_định hiện_hành của Nhà_nước .",Social
"Trong năm 2019 , các cấp Hội nông_dân đã phối_hợp với các ngành liên_quan đẩy_mạnh công_tác tuyên_truyền , vận_động nông_dân thực_hiện tốt các chủ_trương về chuyển_đổi cơ_cấu kinh_tế ở nông_thôn , chuyển_đổi cơ_cấu cây_trồng , vật_nuôi theo chủ_trương chung của huyện",Social
"Tại xã Vĩnh_An , huyện Tây_Sơn sẽ bán phục_vụ nhân_dân tại Cửa_hàng Trung_tâm cụm xã Vĩnh_An , huyện Tây_Sơn , sẽ phục_vụ thường_xuyên , liên_tục trước , trong và sau tết",Social
Nguyên_tắc và điều_kiện thực_hiện Chương_trình,Social
"Để thực_hiện chức_năng , nhiệm_vụ được giao theo Quy_chế làm_việc của Sở Văn_hoá , Thể_thao và Du_lịch .",Politics
Lai_tạo bò Zebu và bò Drought master :,Usual
Hội_đồng_Nhân_dân tỉnh Bình_Định,Politics
"Đã góp_phần tăng_cường mối quan_hệ , giới_thiệu sự đa_dạng , phong_phú của Võ_Bình_Định với các tỉnh_thành trong cả nước và với trên 30 quốc_gia và vùng lãnh_thổ trên thế_giới .",Social
"Việc triển_khai thực_hiện các chương_trình , dự_án mà trong đó tiêu_biểu là Chương_trình mục_tiêu quốc_gia giảm nghèo bền_vững và các chính_sách giảm nghèo thời_gian qua ở huyện Vĩnh_Thạnh luôn có sự phối_hợp tốt giữa các cấp , các ngành trong quá_trình tổ_chức thực_hiện",Social
"Ở ngoài sân , bà Yôl đang nói_chuyện với 4 người lạ .",Usual
"Qua họp xét , có 337 thanh_niên đủ điều_kiện gọi khám sức_khoẻ thực_hiện nghĩa_vụ_quân_sự năm 2020",Social
"Lúc trước , mình đang đi học lớp chín ở trường làng .",Usual
Cháu giúp anh_trai chẻ lạt đi .,Usual
Lãnh_đạo Ban Quản_lý Di_tích gồm Giám_đốc và không quá 02 Phó Giám_đốc .,Politics
"Trình_độ chuyên_môn : Tốt_nghiệp trung_cấp trở lên các chuyên_ngành : Tài_chính , kế_toán , kiểm_toán .",Politics
Phần nghi_lễ khai_mạc :,Politics
Ông đang đan một cái nữa .,Usual
"Có nhiều loài chim hót hay như : vành_khuyên , nhồng , cu_đất nhưng chim vành_khuyên hót hay nhất .",Usual
"Qua lớp tập_huấn , các học_viên được trang_bị các kiến_thức về các nguyên_tắc , cách_thức xây_dựng và hoàn_thiện quy_chế hoạt_động ; Các bước lập kế_hoạch sản_xuất ; Kế_hoạch hoạt_động của tổ , nhóm ; Trong đó chú_trọng việc xây_dựng được kế_hoạch sản_xuất của các thành_viên trong tổ gắn với kế_hoạch tiêu thuản phẩm .",Social
Vì đánh nhau với khỉ nhà khác đấy .,Usual
"Bác ơi , đây là làng gì ạ ?",Usual
"Ngày_mai , Yôl thường thả dê ở bãi có gần hồ , rồi đi lấy củi .",Usual
"Nội_dung , mức hỗ_trợ",Social
Giúp_UBND tỉnh chỉ_đạo triển_khai kế_hoạch tổ_chức các hoạt_động Liên_hoan Quốc_tế Võ cổ_truyền Việt_Nam lần thứ VII năm 2019 .,Politics
Xế trưa mới đan được 10 cái .,Usual
"Hoà cùng niềm vui chung của các thầy_giáo , cô_giáo trên mọi miền đất_nước , những tiếng cười , những bước chân rộn_ràng đến trường của học_sinh và những nỗ_lực , niềm tin của thầy_giáo , cô_giáo vùng_cao huyện Vĩnh_Thạnh sẽ hứa_hẹn một năm_học mới với nhiều thành_công",Social
Làng có khoảng trên một_ngàn gia_đình người Kinh .,Social
Dượng đang đan 7 cái nữa .,Usual
"Buổi chiều , tớ đang đi học lớp 7 ở trường làng .",Usual
"Hôm_nay , Yôl thường thả mèo rừng ở bãi có gần hồ , rồi đi lấy củi .",Usual
"Cơ_quan phối_hợp : Các sở , ban , ngành , đoàn_thể tỉnh , cơ_quan , tổ_chức có liên_quan .",Politics
Công_trình Kè chống xói_lở bờ sông Kôn có ý_nghĩa hết_sức quan_trọng,Social
Địa_điểm : Tại thành_phố Quy_Nhơn .,Politics
"Tại buổi Lễ ra_mắt , Ban chỉ_đạo Mô_hình đã thông_qua kế_hoạch và quy_chế hoạt_động , ký_kết thực_hiện bảo_vệ môi_trường",Politics
"Các nội_dung có cụm_từ "" Làng văn_hoá "" , "" Khu_phố văn_hoá "" trong Mục_Cấp công_nhận được hiểu là "" Làng văn_hoá "" , "" Thôn văn_hoá "" , "" Khu_phố văn_hoá "" .",Social
"Hồ_sơ đề_nghị xét công_nhận nghề truyền_thống , làng_nghề , làng_nghề truyền_thống phải gửi đến các thành_viên Hội_đồng",Social
"Có 4 buổi : buổi sáng , buổi trưa , buổi chiều và buổi tối .",Usual
Em My đi chăn trâu .,Usual
"Ở ngoài sân , anh Yôl đang nói_chuyện với một người lạ .",Usual
Anh thường đi trông rẫy thuê cho những nhà giàu ở trong vùng .,Usual
Ba đang đan bốn cái nữa .,Usual
"Ở ngoài sân , mẹ Yôl đang nói_chuyện với chín người lạ .",Usual
"Tăng_cường năng_lực cho Sở Tài_nguyên và Môi_trường thực_hiện tốt chức_năng , nhiệm_vụ là cơ_quan thường_trực giúp UBND tỉnh quản_lý_nhà_nước tổng_hợp và thống_nhất về biển , hải_đảo theo Chương_trình hành_động số 22 - CTr / TU , Nghị_quyết số 36 - NQ / TW .",Politics
"Chỉ_đạo các nhà_thầu tập_trung mọi nguồn_lực để đẩy nhanh tiến_độ thi_công công_trình liên_quan đến đê_điều xong trước mùa mưa_bão và xây_dựng phương_án bảo_an toàn cho các công_trình đê_kè , cầu , cống , ngầm tràn đang triển_khai thi_công",Social
"Được cung_cấp miễn_phí các thiết_kế mẫu , thiết_kế điển_hình về nhà ở cũng như các tiến_bộ khoa_học_kỹ_thuật về thi_công , xây_lắp nhằm giảm giá_thành xây_dựng công_trình ;",Social
"Đã đầu_tư các công_trình : ( i ) cảng cá Quy_Nhơn , cảng cá Đề_Gi , cảng cá Tam_Quan ; ( ii ) bến cá Tân_Phụng , bến cá Nhơn_Lý . Các công_trình đã phát_huy hiệu_quả , thiết_thực cho ngư_dân hoạt_động khai_thác , vận_chuyển thuỷ_sản .",Social
Câu hỏi làm cả lớp ồn_ào .,Usual
"Trong 02 năm_học qua , công_tác Đội và phong_trào thiếu_nhi của huyện đã có nhiều chuyển_biến tích_cực .",Social
Hiện_nay_khỉ càng_ngày_càng ít .,Usual
"Điều 10 . Chính_sách khuyến_khích phát_triển hệ_thống sản_xuất , dịch_vụ giống cây_trồng , liên_kết sản_xuất gắn với tiêu_thụ nông_sản xây_dựng cánh đồng lớn",Politics
"Thực_hiện chính_sách hỗ_trợ phụ_nữ thuộc hộ nghèo là người dân_tộc_thiểu_số , sinh con đúng chính_sách dân_số theo Nghị_định số 39 của Chính_phủ .",Politics
"Ở ngoài sân , anh_trai Yôl đang nói_chuyện với 2 người lạ .",Usual
Con đi mua cho mẹ thuốc Oresol nhé !,Usual
Bố đang đan bảy cái nữa .,Usual
Thành_lập CLB phụ_nữ xây_dựng_gia_đình hạnh_phúc,Social
Cuối chương_trình có bài viết ghi nhậnChuyển biến trong công_tác chăm_sóc sức_khoẻ sinh_sản ở xã Vĩnh_Kim,Social
"Điều 1 . Phê_duyệt Đề_án đầu_tư xây_dựng , nâng_cấp , sửa_chữa các công_trình nông_nghiệp và phát_triển nông_thôn , giai_đoạn 2021 - 2025 trên địa_bàn tỉnh Bình_Định ( có Đề_án kèm theo ) .",Politics
Dự_kiến nhu_cầu và khả_năng đáp_ứng nhà ở sinh_viên trên địa_bàn tỉnh :,Social
"Nhập_nội giống mới , trao_đổi nguồn gen làm vật_liệu chọn tạo giống ; tiếp_thu phương_pháp nghiên_cứu chọn tạo , chuyển_giao khoa_học công_nghệ , sản_xuất , bảo_quản , chế_biến giống theo hướng công_nghiệp hiện_đại của các nước và các tổ_chức quốc_tế .",Social
Chào cháu . Bác mới lên . Cháu tên là gì ?,Usual
"Các Chi_hội tổ_chức tuyên_truyền , lồng_ghép các buổi nói_chuyện chuyên_đề về tư_tưởng , đạo_đức , phong_cách Hồ_Chí_Minh vào nội_dung sinh_hoạt ở từng tổ , câu_lạc_bộ như : giao_lưu , toạ_đàm , hay qua các hội thi , hội_thao",Social
Lúc nãy cô đi chợ bán củi .,Usual
"Ở làng Kon_Đruch , thím của Yôl là người già nhất .",Usual
"Thời_gian qua , được sự quan_tâm của cấp_uỷ đảng , chính_quyền xã tập_trung lãnh_đạo , chỉ_đạo , sự phối_hợp chặt_chẽ giữa lực_lượng kiểm_lâm , MTTQ và các đoàn_thể trong xã đã đẩy_mạnh công_tác tuyên_truyền giáo_dục pháp_luật cho nhân_dân về công_tác quản_lý bảo_vệ rừng .",Social
Các trạm y_tế này đều đã được trang_bị đầy_đủ thuốc thiết_yếu phục_vụ khám bệnh thông_thường cho người dân,Social
Nguồn kinh_phí lồng_ghép từ dự_án : 150.000.000 đồng ( thuộc Dự_án rau_an_toàn ) .,Politics
"Đoàn người có uy_tín trong đồng_bào DTTS huyện Vân_Canh mới_đây đã có chuyến tham_quan , học_tập , trao_đổi kinh_nghiệm tại huyện Vĩnh_Thạnh .",Social
Hôm_qua dượng đan được 4 cái .,Usual
"Ở ngoài sân , bà Yôl đang nói_chuyện với tám người lạ .",Usual
"Theo báo_cáo của UBND huyện Vĩnh_Thạnh , thời_gian qua , được sự quan_tâm chỉ_đạo của cấp_uỷ , chính_quyền từ huyện tới cơ_sở , đặc_biệt là dưới sự lãnh_đạo của Thường_trực Huyện_uỷ",Politics
"Dán túi : Dùng túi nilon chịu_nhiệt , kích_thước 20 x 40 cm , dán 2 góc rồi lộn lại , tạo thành túi có đáy vuông , phẳng .",Science
"Yôl nhìn thấy một phụ_nữ mặc cái áo trắng , khoảng hai_mươi tuổi .",Usual
"Buổi chiều , Yôl thường thả cá ở bãi có gần hồ , rồi đi lấy củi .",Usual
"Ôn lại kỷ_niệm thời cùng công_tác nhiều khó_khăn , gian_khổ , Bí_thư Tỉnh_uỷ Nguyễn_Thanh_Tùng chân_thành thăm_hỏi sức_khoẻ , đời_sống gia_đình ông Đinh_Ghok , mong ông tiếp_tục phát_huy truyền_thống , nêu gương trong cộng_đồng dân_cư , cổ_vũ bà_con tích_cực sản_xuất , xây_dựng cuộc_sống mới .",Social
Sản_phẩm của các hộ dân làm ra đảm_bảo tiêu_chuẩn rau_an_toàn và được tiêu_thụ mạnh trên thị_trường trong và ngoài huyện,Social
Căn_cứ Quyết_định số 55/2015/QĐ-UBND ngày 25/12/2015 của UBND tỉnh,Politics
Tiêu_chuẩn lựa_chọn trẻ_em,Politics
"Lũ trâu nghĩ là người đó chết đói , chúng liền rủ nhau khiêng về làm đám_ma .",Usual
"Đến chơi nhà bác Nam , ai cũng tấm_tắc khen : Sao mà giỏi thế !",Usual
Bác đang đan chín cái nữa .,Usual
"Chủ_trì , phối_hợp thực_hiện các hoạt_động truyền_thông",Social
"Năm 2010 : Tổ_chức "" Ngày Văn_hoá các dân_tộc Việt_Nam "" tại Bình_Định và các hoạt_động , sự_kiện kết_hợp chuỗi các sự_kiện , ngày kỷ_niệm quốc_gia năm 2010",Social
Lúc trước bố đi chợ bán củi .,Usual
Mình ở làng Kon_Hai .,Usual
"Sở Y_tế chủ_trì , phối_hợp triển_khai Chiến_lược Dân_số - Sức_khoẻ sinh_sản giai_đoạn 2011 - 2020",Politics
Yôl rất thích xem ba làm_việc .,Usual
"Góp_phần đẩy_mạnh công_tác xoá đói , giảm nghèo ở địa_phương",Social
Tổng kinh_phí dự_kiến đầu_tư cho lò võ Lý_Xuân_Hỷ là 135 triệu đồng ( trong đó ngân_sách tỉnh chi 100 triệu đồng và vận_động tài_trợ 35 triệu đồng ),Social
Hỗ_trợ lúa lai ở vùng đồng_bào dân_tộc_thiểu_số theo kế_hoạch và được cấp có thẩm quyển phê_duyệt .,Politics
"Hôm_kìa , Yôl ra vườn cùng bố .",Usual
"Ở ngoài sân , ông Yôl đang nói_chuyện với chín người lạ .",Usual
Hôm_kia mới đan được hai cái .,Usual
"Mới_đây , sau khi ban_hành Kế_hoạch số 81 về xây_dựng phần_mềm một cửa điện_tử cấp huyện , cấp xã trên địa_bàn huyện , lãnh_đạo UBND huyện theo_dõi , chỉ_đạo đẩy_mạnh triển_khai thực_hiện phần_mềm này .",Politics
"Ông Nguyễn_Xuân_Trang , Phó Chánh Văn_phòng phụ_trách Văn_phòng , Sở Giáo_dục và Đào_tạo .",Politics
Năm sau mới đan được một_cái .,Usual
"Lúc trước , Yôl thường thả vịt ở bãi có gần hồ , rồi đi lấy củi .",Usual
Định_mức hỗ_trợ : Giống ngô lai : 15 - 20 kg / ha ( tuỳ theo giống ngô ) ;,Science
"Năm sau , tớ đang đi học lớp năm ở trường làng .",Usual
Căn_cứ Luật tổ_chức chính_quyền địa_phương ngày 19 tháng 6 năm 2015 ;,Politics
"Theo đó , thời_gian hoạt_động điều_tra , rà_soát diễn ra trong vòng 35 ngày , cấp xã , thị_trấn phải gửi báo_cáo kết_quả về cấp huyện trước ngày 20.10 để huyện tổng_hợp gửi về tỉnh",Politics
"Thấy Min_Địch được nhiều người_yêu mến , Yă_Krua ghen_tức và tìm cơ_hội hãm_hại .",Usual
"Sáng nay , mình đang đi học lớp bốn ở trường làng .",Usual
"Quyết_định số 234 / QĐ-TTg ngày 05/02/2016 của Thủ_tướng Chính_phủ phê_duyệt Chương_trình Phòng , chống tai_nạn thương_tích trẻ_em giai_đoạn 2016 - 2020 ;",Politics
Thỉnh_thoảng Yôl đi bẫy thú cùng ông .,Usual
Buổi sáng ông đi chợ bán củi .,Usual
"Thực_hiện Kế_hoạch số 58 của Ban Thường_vụ Tỉnh_uỷ và Kế_hoạch của Huyện_uỷ Vĩnh_Thạnh về Đại_hội Đảng_bộ các cấp , đến cuối năm 2019 , Đảng_uỷ xã Vĩnh_Thuận đã tổ_chức xong Đại_hội các chi_bộ trực_thuộc đảng_bộ theo đúng quy_định ; chỉ_đạo các chi_bộ gắn công_tác tổ_chức Đại_hội với thực_hiện các phong_trào thi_đua yêu nước trên tất_cả các lĩnh_vực",Politics
Hôm_kìa ông đi chợ bán củi .,Usual
Buổi sáng dượng đi chợ bán củi .,Usual
"Ngày hôm_nay , Yôl cùng bà sang thăm .",Usual
"Đợt 1 , từ tháng 11.2019 đến thời_điểm hoàn_thành Đại_hội đại_biểu Đảng_bộ huyện lần thứ XVIII ( dự_kiến tháng 8.2020 ) .",Politics
"Yôl nhìn thấy một phụ_nữ mặc cái quần trắng , khoảng ba_mươi tuổi .",Usual
"Buổi tối , tớ đang đi học lớp năm ở trường làng .",Usual
"Ở ngoài sân , bác Yôl đang nói_chuyện với 10 người lạ .",Usual
Khi đó mới đan được 6 cái .,Usual
"Trong thời_gian 150 phút , mỗi lớp cử ra 2 học_sinh tham_gia các nội_dung của hội thi , trong đó học_sinh nam tham_gia thi đan_lát và học_sinh nữ thi dệt thổ_cẩm .",Social
"Huyện Vĩnh_Thạnh thực_hiện lồng_ghép có hiệu_quả nguồn vốn các chương_trình , dự_án giảm nghèo bền_vững với chương_trình xây_dựng nông_thôn mới , nhằm tạo điều_kiện đẩy_mạnh phát_triển sản_xuất hàng_hoá , nâng mức thu_nhập cho hộ nghèo .",Social
Vui nhất_là bọn trê con .,Usual
"Chỉ 1 năm sau , bác đã có thêm 1 con nghé và hơn chục con_con ngựa con .",Usual
"Đài_Phát_thanh và Truyền_hình Bình_Định , Báo Bình_Định",Social
Bố Yôl kể rằng : Bố_mẹ trồng những cây_ăn_quả đầu_tiên ở khu vườn này cách đây hơn 9 mươi năm .,Usual
"Chỉ một năm sau , bác đã có thêm một con nghé và hơn chục con chim con .",Usual
Buổi tối bà đi chợ bán củi .,Usual
"Phần_lớn các dự_án ứng_dụng khoa_học và công_nghệ đã giúp cho người_dân miền núi , vùng dân_tộc_thiểu_số tiếp_cận với những thành_tựu mới về khoa_học_kỹ_thuật",Social
"Tuyên_truyền những tiến_bộ KHKT trong trồng_trọt , chăn_nuôi ; những kinh_nghiệm trong sản_xuất , kinh_doanh vươn lên thoát nghèo và làm_giàu chính_đáng của các tàng lớp nhân_dân .",Social
Và ý_kiến thẩm_định của Sở Tư_pháp tại Báo_cáo số 68 / BC-STP ngày 10 tháng 4 năm 2020,Politics
"Hôm_nay , Yôl thường thả mèo ở bãi có gần hồ , rồi đi lấy củi .",Usual
"Đặc_biệt là công_tác chuyển_giao tiến_bộ khoa_học_kỹ_thuật cho người_dân đã được UBND huyện quan_tâm thông_qua việc đàu tư xây_dựng mô_hình , tập_huấn chuyển_giao tiến_bộ khoa_học_kỹ_thuật",Social
"Trước_mắt , xem_xét , lựa_chọn các điểm giết_mổ phù_hợp , nâng_cấp cơ_sở vật_chất , thiết_bị hình_thành cơ_sở giết_mổ động_vật nhỏ_lẻ ( theo quy_định tài Khoản 2 Điều 69 Luật Thú_y ) hình_thành các Tổ hợp_tác , Hợp_tác_xã",Politics
"Sáng sớm , Yôl cùng anh rể sang thăm .",Usual
Tổng mức đầu_tư của công_trình :,Politics
"Sở Kế_hoạch và Đầu_tư : Chủ_trì , phối_hợp với Sở Văn_hoá , Thể_thao và Du_lịch và các Sở , ngành , huyện , thị_xã , thành_phố xây_dựng , thẩm_định các dự_án",Politics
Hoàng_hôn bà đi chợ bán củi .,Usual
Hôm_nay bà đi chợ bán củi .,Usual
"Tên công_trình , chủ đầu_tư , hình_thức đầu_tư",Politics
Chị_gái đang đan mười cái nữa .,Usual
"Cày_bừa làm nhỏ đất , lên luống rộng 2,5 m và đào hố 50 x 50 x 50 cm",Science
"Đến chiều , cả nhà đã suốt được bốn đống lúa to .",Usual
"Các thành_viên Hội_đồng được sử_dụng bộ_máy , phương_tiện của cơ_quan , tổ_chức nơi mình công_tác để thực_hiện nhiệm_vụ được Chủ_tịch Hội_đồng phân_công .",Politics
"Trước khi đi , mẹ dặn :",Usual
"Lúc đầu , tôi đang đi học lớp 10 ở trường làng .",Usual
"Phối_hợp với UBND các huyện , thị_xã , thành_phố rà_soát hệ_thống cầu , đường lắp_đặt cọc tiêu , dải_phân_cách , biển cảnh_báo nguy_hiểm bảo_đảm an_toàn cho người và phương_tiện .",Politics
"Dùng liềm cắt cách gốc 10 cm , đem về ủ 1-2 hôm cho rụng hết lá rồi tãi ra sân phơi có lót màng nilon hoặc nong nia trong 4-5 giờ , sau đó đập , sàng sẩy lấy hạt .",Science
Căn_cứ Luật Ngân_sách Nhà_nước ngày 16 tháng 12 năm 2002 ;,Politics
"Hôm_kìa , Yôl thường thả chó ở bãi có gần hồ , rồi đi lấy củi .",Usual
"Tại hội_nghị , Hội_đồng nghĩa_vụ_quân_sự thông_qua danh_sách 1.297 thanh_niên trong diện nhập_ngũ trên địa_bàn huyện và tổ_chức xét_duyệt theo từng xã , thị_trấn",Social
"Chăm_sóc : Sau khi cây vừng mọc cao khoảng 10 - 15cm thì tỉa cây với khoảng_cách 5 - 7cm , đảm_bảo mật_độ 50 - 70 cây / m2 .",Science
"Từ năm 2013 - 2015 , hoàn_thành việc in sách 50 bài võ cổ_truyền tiêu_biểu của Bình_Định để bảo_tồn và quảng_bá .",Social
"Phân_công trách_nhiệm cụ_thể cho từng thành_viên để chỉ_đạo , điều_hành theo chức_năng , nhiệm_vụ và phụ_trách địa_bàn , tăng_cường kiểm_tra , đôn_đốc , giám_sát công_tác tổ_chức tiêm phòng , phòng , chống dịch_bệnh động_vật tại địa_phương .",Politics
"Vào những ngày này , thím Yôl và dân_làng thường hay ra sông vớt củi về đun .",Usual
"Ông Cao_Văn_Bình , Phó Giám_đốc Sở Giáo_dục - Đào_tạo ;",Politics
Ông đang đan sáu cái nữa .,Usual
"Về các yêu_cầu kỹ_thuật của máy thông_tin liên_lạc sóng HF tầm xa có tích_hợp thiết_bị định_vị vệ_tinh ( GPS ) để ngư_dân mua_sắm , lắp_đặt và sử_dụng .",Social
"Các gói dịch_vụ về DS-KHHGĐ được nhiều cặp vợ_chồng sử_dụng , từ năm 2015 đến nay cho thấy tỷ_lệ cặp vợ_chồng trong độ tuổi sinh_đẻ sử_dụng các biện_pháp tránh thai hiện_đại đạt trên 85% ; trong đó số người sử_dụng các biện_pháp tránh thai như sử_dụng bao_cao_su đạt 107% , đình_sản đạt 83,3% ; uống thuốc tránh thai đạt 96,6% ; tỷ_lệ sinh con thứ 3 giảm 3,19% .",Social
Quyết_định số 1672 / QĐ-TTg ngày 30/11/2018 của Thủ_tướng Chính_phủ về việc phê_duyệt đồ_án Quy_hoạch xây_dựng vùng tỉnh Bình_Định đến năm 2035 ;,Politics
"Buổi tối , Yôl cùng anh_trai sang thăm .",Usual
Xây_dựng cơ_sở_dữ_liệu về công_tác quản_lý chất_lượng an_toàn thực_phẩm nông_lâm thuỷ_sản .,Social
Xét_Tờ trình số 40 / TTr-UBND ngày 19 tháng 6 năm 2018 của Uỷ_ban_nhân_dân tỉnh về việc đề_nghị thông_qua Nghị_quyết ban_hành,Politics
"Báo_cáo kết_quả triển_khai thực_hiện Tháng hành_động năm 2017 , gửi Sở Lao_động - Thương_binh và Xã_hội trước ngày 20/12/2017 để tổng_hợp , báo_cáo UBND tỉnh và Bộ Lao_động - Thương_binh và Xã_hội theo quy_định",Politics
"Buổi tối , Yôl thường thả lợn ở bãi có gần hồ , rồi đi lấy củi .",Usual
Bố Yôl kể rằng : Bố_mẹ trồng những cây_ăn_quả đầu_tiên ở khu vườn này cách đây hơn 8 mươi năm .,Usual
"Căn_cứ Thông_tư số 15/2012/TT-BNV ngày 25/12/2012 của Bộ Nội_vụ hướng_dẫn về tuyển_dụng , ký_kết hợp_đồng làm_việc và đền_bù chi_phí đào_tạo đối_với_viên_chức ;",Politics
"Về nhiệm_vụ trong thời_gian tới , xã Vĩnh_Kim tập_trung tăng_cường đa_dạng_hoá các phong_trào , tuyên_truyền về nội_dung xây_dựng nông_thôn mới để người_dân hiểu và hưởng_ứng , nâng chất các chỉ_tiêu đã đạt được , tham_mưu với các ngành chức_năng cấp trên để có hỗ_trợ nhằm mang lại hiệu_quả cho sản_xuất nông_nghiệp ; đầu_tư xây_dựng các mô_hình phát sản_xuất nông_nghiệp nhằm chuyển_giao các tiến_bộ khoa_học cho người_dân ; giải_quyết đầu_ra cho các loại nông_sản ở địa_phương góp_phần nâng cao thu_nhập cho người dân",Social
Vòng 2 : Thi_viết môn nghiệp_vụ chuyên_ngành,Social
Các anh hay săn được thú gì ?,Usual
"Trong 6 tháng đầu năm 2019 , kinh_tế - xã_hội trên địa_bàn huyện Vĩnh_Thạnh tiếp_tục phát_triển ổn_định , tổng giá_trị sản_xuất ước thực_hiện 928,4 tỷ đồng , đạt 51,5% kế_hoạch , tăng 14,4% so với cùng kỳ , trong đó sản_xuất nông , lâm_nghiệp và thuỷ_sản tăng 8,2% ; công_nghiệp - tiểu_thủ_công_nghiệp tăng 28,9% ; thương_mại - dịch_vụ tăng 19,6% . Văn_hoá , xã_hội , cải_cách hành_chính và phòng_chống tham_nhũng , lãng_phí tiếp_tục có những chuyển_biến tích_cực , đời_sống của nhân_dân từng bước được cải_thiện và nâng lên",Social
"Lúc nãy , mình đang đi học lớp 8 ở trường làng .",Usual
"Đi xem hết chợ một lượt , bác dừng lại chỗ người bán nhiều rựa nhất .",Usual
Đây là mô_hình cá_rô đầu vuông được Trung_tâm Khuyến_nông tỉnh triển_khai nuôi đầu_tiên ở Vĩnh_Thạnh,Social
"Mẹ mua cho Yôl 1 cái quần màu xanh , 1 cái áo màu trắng .",Usual
"Ở ngoài sân , anh rể Yôl đang nói_chuyện với bảy người lạ .",Usual
Ba bạn khác thích làm phi_công .,Usual
Tổng_kết công_tác hoạt_động giai_đoạn 2010 - 2015,Social
Chủ_động xây_dựng và triển_khai có hiệu_quả Kế_hoạch hành_động bảo_đảm an_toàn thực_phẩm trong lĩnh_vực nông_nghiệp và Quyết_định số 45/2019/QĐ-UBND ngày 23/8/2019 của UBND tỉnh Bình_Định,Politics
"Nhìn_chung , công_tác bầu_cử trên địa_bàn huyện Vĩnh_Thạnh diễn ra thuận_lợi , cử_tri khẩn_trương đến các điểm bầu_cử để bầu_chọn các ứng_cử_viên có đủ phẩm_chất , đạo_đức , năng_lực vào chức_danh trưởng_thôn , khu_phố nhiệm_kỳ 2019-2021",Social
"Đôn_đốc các Sở , ngành và địa_phương liên_quan trong việc triển_khai thực_hiện Đề_án , tổng_hợp kết_quả thực_hiện các dự_án thành_phần hàng năm , báo_cáo UBND tỉnh .",Politics
"Được biết , đối_tượng được hỗ_trợ gạo là các gia_đình có đất lúa không sản_xuất do hạn_hán vụ Hè_thu năm 2019 , với mức hỗ_trợ là 15 kg gạo / nhân_khẩu / tháng .",Social
Ngày_mai cô đi chợ bán củi .,Usual
"Theo đó , việc tuyên_truyền đại_hội đảng_bộ các cấp_tập trung vào 4 đợt cao_điểm .",Social
Nguyên_nhân : Do Phytoplasma ( dịch khuẩn bào ) gây ra . Bệnh Phytoplasma lan_truyền chủ_yếu qua hai con đường : Hom giống và môi_trường truyền bệnh loài rầy ( Hishimonus phycitis Distant ) .,Science
"Bên cạnh việc xây_dựng , trang_bị cơ_sở vật_chất , thiết_bị dạy và học , nâng cao chất_lượng giảng_dạy của đội_ngũ giáo_viên , huyện đã triển_khai thực_hiện dầy đủ các chế_độ chính_sách đối_với con_em đồng_bào DTTS như : cấp_phát dụng_cụ học_tập , hỗ_trợ gạo , tiền ăn và các nhu_cầu cá_nhân khác dể tạo điều_kiện cho các em học_tập tốt",Social
Phối_hợp với các ngành thực_hiện tốt các nội_dung để thành_lập và tổ_chức hoạt_động của Hội_đồng trẻ_em .,Politics
Cuối chương_trình có bài viết ghi_nhận Chuyển_biến trong công_tác chăm_sóc sức_khoẻ sinh_sản ở xã Vĩnh_Kim,Social
"Hôm kỉa , Yôl cùng bố sang thăm .",Usual
Có nhiều hội_viên tham_gia phong_trào thi_đua làm theo Bác tiết_kiệm giúp nhau giảm nghèo bền_vững với số tiền thu về gần 30 triệu đồng,Social
"Trình_tự , thủ_tục cấp mới , cấp lại , thu_hồi giấy chứng_nhận an_toàn thực_phẩm thực_hiện theo quy_định tại Điều 18 , Thông_tư số 45/2014/TT-BNNPTNT ngày 03/12/2014 của Bộ Nông_nghiệp và Phát_triển nông_thôn ;",Politics
"Dịp này , Công_an tỉnh đã tặng giấy khen cho các tập_thể , và cá_nhân hoàn_thành xuất_sắc nhiệm_vụ công_tác năm 2019",Politics
Báo_cáo về Ban Chỉ_huy PCTT và TKCN tỉnh để xây_dựng phương_án ứng_phó với bão .,Politics
Sáng sớm mới đan được 1 cái .,Usual
"Thực_trạng thiếu nước_sạch sinh_hoạt , ý_thức giữ_gìn vệ_sinh môi_trường của người_dân vẫn còn hạn_chế",Social
"Xế trưa , Yôl thường thả ngựa ở bãi có gần hồ , rồi đi lấy củi .",Usual
"Theo thống_kê của Phòng NN & PTNT huyện Vĩnh_Thạnh , hiện_nay toàn huyện có 46,6 ha diện_tích ao nuôi cá , 78 ha nuôi cá quảng_canh trong các hồ chứa . Riêng nghề nuôi cá lồng trên hồ Định_Bình hiện có 29 hộ dân ở thị_trấn Vĩnh_Thạnh và các xã : Vĩnh_Hảo , Vĩnh_Hiệp , Vĩnh_Thịnh nuôi với số_lượng 350 lồng cá , sản_lượng khai_thác trung_bình hơn 450 tấn mỗi năm",Social
"Sau một năm thử_nghiệm thành_công , trong 2 năm gần đây ông đã mở_rộng quy_mô lồng nuôi và đa_dạng đối_tượng cá như cá_lăng nha , thác lác cườm và một_số loại cá hỗn_hợp cho lợi_nhuận 300 triệu đồng / năm",Social
"nhân rộng các mô_hình , cách làm mới có hiệu_quả ;",Social
Ngành thuỷ_sản : Đảm_bảo chủ_động cung_cấp 100% nhu_cầu giống cho đối_tượng thuỷ_sản nuôi chủ_lực ;,Science
"Cùng với việc đẩy_mạnh công_tác tuyên_truyền , Huyện_uỷ , UBND huyện chỉ_đạo ngành y_tế huyện và UBND các xã , thị_trấn theo_dõi chặt_chẽ tình_hình sức_khoẻ của các đối_tượng có yếu_tố nguy_cơ ; chỉ_đạo các cơ_quan đơn_vị , trường_học trên địa_bàn huyện thực_hiện dọn_dẹp vệ_sinh , phun thuốc khử_trùng tiêu độc tại các khu_vực công_cộng",Social
"Trường_hợp cùng một thời_điểm , nội_dung có nhiều chính_sách ưu_đãi , hỗ_trợ khác nhau , đối_tượng thụ_hưởng được lựa_chọn áp_dụng chính_sách ưu_đãi , hỗ_trợ có lợi nhất .",Social
"Phong_trào thi_đua "" Dân_vận khéo "" được các địa_phương , đơn_vị triển_khai , góp_phần quan_trọng vào phát_triển KT-XH , ổn_định an_ninh chính_trị ở địa_phương .",Social
Điều 1 . Phê_duyệt Kế_hoạch hành_động bảo_đảm an_toàn thực_phẩm trong lĩnh_vực nông_nghiệp năm 2018 trên địa_bàn tỉnh với những nội_dung chủ_yếu như sau :,Politics
"Đồng_thời tăng_cường quản_lý nguồn vốn và hướng_dẫn người_dân sử_dụng vốn vay đúng mục_đích ; Phối_hợp với các ngành chức_năng huyện tổ_chức các lớp tập_huấn nâng cao kỹ_thuật trồng_trọt , chăn_nuôi cho các hộ nghèo",Social
Xét đề_nghị của Giám_đốc Sở Văn_hoá và Thể_thao,Politics
nước ta giàu và đẹp,Usual
"Phân_lân được chú_ý trong các năm đầu_tiên để giúp vào sự phát_triển của bộ rễ . Khi cây còn nhỏ để tránh hiện_tượng cây bị xót rễ , cháy lá hoặc chết , khi bón phân cần rải đều trên mặt cách xa gốc 25-30 cm , dùng cuốc xăm xới và lấp phân .",Science
"Xây_dựng khu ký_túc_xá tập_trung phục_vụ chỗ ở cho học_sinh các trường đại_học , cao_đẳng , trung_học_chuyên_nghiệp trong nội_thành",Social
"Tổ_chức tuyên_truyền , giáo_dục , phổ_biến kiến_thức về thực_hiện các nội_dung giáo_dục",Social
Bón_thúc tăng_trọng quả vào tháng 5 – tháng 7 : Đạm urê + kali,Science
"Nhiều năm qua , tình_trạng xâm_thực của sông Kôn đã cuốn trôi nhiều diện_tích đất sản_xuất tại một_số địa_phương thuộc huyện Vĩnh_Thạnh , khiến chính_quyền địa_phương và người_dân hết_sức lo_lắng",Social
Sau khi xem_xét Tờ_trình số 92 / TTr-UBND ngày 24/11/2011 của Uỷ_ban_nhân_dân tỉnh về việc thông_qua Đề_án điều_chỉnh mức thu học_phí công_lập,Politics
Bố đang đan 3 cái nữa .,Usual
Một điều đáng nói là các cấp chính_quyền cơ_sở chưa thực_hiện đầy_đủ trách_nhiệm quản_lý_nhà_nước về rừng và đất lâm_nghiệp .,Social
"Chọn giống cây , màu ngắn ngày và thích_hợp điều_kiện khô_hạn",Science
"Trong những năm qua , UBND huyện đã thể_chế_hoá quan_điểm của Đảng và Nhà_nước , Chính_phủ , Thủ_tướng Chính_phủ ban_hành nhiều chủ_trương chính_sách bao_phủ các địa_bàn vùng DTTS và miền núi , các lĩnh_vực kinh_tế - xã_hội và chính_sách đặc_thù đối_với vùng DTTS",Politics
Để phát_triển một_số ngành kinh_tế dựa vào khai_thác tài_nguyên đa_dạng_sinh_học biển .,Social
"Người được hưởng chính_sách ưu_đãi hưởng_thụ văn_hoá quy_định tại Điều 2 Quyết_định số 170/2003 / QĐ-TTg ngày 14/8/2003 của Thủ_tướng Chính_phủ về "" Chính_sách ưu_đãi hưởng_thụ văn_hoá """,Politics
"Từ huyện Vĩnh_Thạnh lên xã Vĩnh_Sơn , chỉ có 3 con đường nhỏ , dài khoảng ba_mươi cây_số .",Usual
"Các mô_hình đó đã phát_huy hiệu_quả thiết_thực , thu_hút đông_đảo người_dân tham_gia",Social
"Sự chỉ_đạo điều_hành quyết_liệt của lãnh_đạo UBND huyện , sự tham_mưu của Ban Chỉ_đạo Phong_trào huyện , sự_tích cực vào_cuộc của cán_bộ cơ_sở và sự đồng_tình hưởng_ứng của của đông_đảo đảng_viên , cán_bộ và nhân_dân trên địa_bàn , phong_trào "" Toàn dân đoàn_kết xây_dựng đời_sống văn_hoá "" đã thực_sự đi vào đời_sống",Politics
"Phó T rưởng ban : Ông Nguyễn_Văn_Dũng , Giám_đốc Sở Du_lịch .",Politics
"Yôl vừa làm vừa chơi , hết chạy đến chỗ dượng lại chạy sang chỗ bố , có_khi lại mải_mê nhìn theo những chú bướm vàng trước mặt .",Usual
"Sở Giáo_dục và Đào_tạo có trách_nhiệm rà_soát , tổng_hợp gửi Sở Tài_chính để trình UBND tỉnh xem_xét , quyết_định hoàn_trả ngân_sách tỉnh theo quy_định .",Politics
Đại_hội đại_biểu các DTTS huyện tỉnh Bình_Định lần thứ III năm 2019 sẽ được tổ_chức vào sáng ngày 11.6.2019,Social
"Khích_lệ những sáng_tác mới tạo thành cuộc vận_động sáng_tạo văn_học , nghệ_thuật thiết_thực , sâu_sắc rõ chủ_đề , địa_chỉ , ưu_tiên vùng đồng_bào dân_tộc_thiểu_số .",Social
"Cơ_quan phối_hợp : Các sở , ban , ngành , đoàn_thể có liên_quan .",Politics
"Ngày hôm_nay , tớ đang đi học lớp hai ở trường làng .",Usual
"Ở ngoài sân , anh rể Yôl đang nói_chuyện với một trăm người lạ .",Usual
"Từ đó đã góp_phần làm thay_đổi bộ_mặt nông_thôn , nâng cao đời_sống vật_chất và tinh_thần của nhân_dân , tạo niềm tin của nhân_dân đối_với Đảng và Nhà_nước",Social
"Đối_với những đồi rừng chuyển sang trồng bưởi Diễn đều phải phát_quang , thậm_chí phải đánh bỏ toàn_bộ rễ cây rừng và san_ủi tạo mặt_phẳng tương_đối để cho việc thiết_kế vườn được dễ_dàng .",Science
"Nhờ được tập_huấn kỹ_thuật , hướng_dẫn cách làm_ăn nên phần_lớn các gia_đình vay vốn đều làm_ăn có hiệu_quả",Social
"Tại Hội_nghị , Đảng_uỷ thị_trấn cũng đã khen_thưởng cho 2 tập_thể và 28 cá_nhân hoàn_thành xuất_sắc nhiệm_vụ năm 2019 .",Politics
Mức thu phí dự_tuyển thực_hiện theo quy_định tại Thông_tư liên_tịch số 228/2016/TTLT-BTC-BNV ngày 11/11/2016 của Bộ Tài_chính và Bộ Nội_vụ,Politics
"Giúp thành_viên Hội_đồng trẻ_em tổng_hợp kiến_nghị , đề_xuất của trẻ_em , gửi về Thường_trực Hội_đồng trẻ_em cấp tỉnh .",Politics
"Chủ_động xây_dựng Kế_hoạch và bố_trí đủ nguồn kinh_phí phòng , chống dịch_bệnh động_vật năm 2020 .",Politics
"Có lần , anh_trai bẫy được con lợn_rừng to bằng con bê .",Usual
"Lúc đầu , Yôl thường thả vịt ở bãi có gần hồ , rồi đi lấy củi .",Usual
"Đồng_thời tiếp_tục phối_hợp thực_hiện các giải_pháp củng_cố , nâng cao chất_lượng hoạt_động của tổ_chức hội nhận uỷ_thác các cấp và chất_lượng hoạt_động của các Tổ_Tiết kiệm và vay vốn",Social
"Ở ngoài sân , ba Yôl đang nói_chuyện với ba người lạ .",Usual
"Căn_cứ Nghị_quyết số 36 - NQ / TW ngày 22/10/2018 của Ban_chấp_hành Trung_ương Đảng Khoá_XII về Chiến_lược phát_triển bền_vững kinh_tế biển Việt_Nam đến năm 2030 , tầm nhìn đến năm 2045",Politics
Hoặc trên trang thông_tin điện_tử của UBND tỉnh và Sở Nội_vụ và không tiếp_nhận Phiếu đăng_ký dự_tuyển trong một kỳ tuyển_dụng tiếp_theo .,Politics
"Điều 1 . Kiện_toàn Hội_đồng Phối_hợp phổ_biến , giáo_dục pháp_luật của tỉnh Bình_Định ( gọi tắt là Hội_đồng ) , gồm các ông , bà có tên sau :",Politics
"Ở ngoài sân , chú Yôl đang nói_chuyện với 10 người lạ .",Usual
"Ở ngoài sân , cậu Yôl đang nói_chuyện với 3 người lạ .",Usual
"Nho được đóng_gói vào túi ny lon có lỗ thoát khí hoặc khay xốp có bao màng dẻo , yêu_cầu thao_tác cẩn_thận , nhẹ_nhàng đảm_bảo quả nho không bị dập và thâm .",Science
Công_tác thực_thi pháp_luật,Social
"Ông Man_Đăng_Mỹ , Phó Trưởng phòng Phòng Giáo_dục Mầm_non - Tiểu_học , Sở Giáo_dục và Đào_tạo .",Education
"Để thực_hiện tốt các mục_tiêu năm 2020 , Ngân_hàng CSXH huyện Vĩnh_Thạnh đề ra những biện_pháp cụ_thể đẩy_mạnh thực_hiện hỗ_trợ vốn các Chương_trình tín_dụng chính_sách như",Social
"Kế_hoạch hành_động bảo_đảm an_toàn thực_phẩm trong lĩnh_vực Nông_nghiệp năm 2020 "" trên địa_bàn tỉnh",Politics
"Hôm_kia , tớ đang đi học lớp 9 ở trường làng .",Usual
Bố và chị dậy sớm hơn mọi ngày .,Usual
Tất_cả là 8 cái .,Usual
"Đi xem hết chợ 1 lượt , anh rể dừng lại chỗ người bán nhiều rựa nhất .",Usual
"Sở Du_lịch khảo_sát , đánh_giá , xây_dựng phương_án bảo_đảm an_toàn cho du_khách , các cơ_sở lưu_trú , hoạt_động du_lịch , cung_cấp thông_tin đầy_đủ cho du_khách khi có thiên tai.và triển_khai thực_hiện phương_án .",Politics
"Tại buổi giám_sát , lãnh_đạo UBND xã đã báo_cáo về kết_quả xây_dựng , thực_hiện công_tác khoán bảo_vệ rừng trên địa_bàn xã .",Politics
"Đặc_biệt thực_hiện tốt công_tác giáo_dục và xoá_đói_giảm_nghèo ở vùng đồng_bào dân_tộc_thiểu_số , vùng_sâu , vùng_xa , vùng_biển , đảo .",Social
Lúc nãy bà đi chợ bán củi .,Usual
"Tham_mưu chương_trình , lịch hoạt_động của Hội_đồng trẻ_em , Ban Tham_vấn .",Politics
"Kết_quả hội_viên nông_dân đã tích_cực hưởng_ứng và xây_dựng có hiệu_quả nhiều mô_hình điểm về bảo_vệ môi_trường nông_thôn , cụ_thể :",Social
"Ở ngoài sân , ông Yôl đang nói_chuyện với ba người lạ .",Usual
"Hôm_nay , bố_mẹ cho Yôl đi theo lên rẫy . Em mang theo một chiếc gùi nhỏ . Con chó Vàng cũng đi theo . Có lúc thì theo sau , lúc thì vụt chạy lên trước , có_vẻ vui_thích lắm .",Usual
Cách_mạng_Tháng_Tám và Quốc_Khánh 2.9,Social
"Chủ_động chỉ_đạo tổ_chức các hoạt_động "" Ngày Văn_hoá các dân_tộc Việt_Nam "" tại Bình_Định",Social
Huy_động nhân_dân đến xem các chương_trình trong Liên_hoan .,Social
"Hôm kỉa , tớ đang đi học lớp tám ở trường làng .",Usual
""" Lúa lai là giống mới , nên ban_đầu khi chính_quyền địa_phương vận_động đưa vào sản_xuất , không riêng gì tôi mà nhiều người_dân trong thôn cũng phân_vân , lo_ngại không đảm_bảo kỹ_thuật , hiệu_quả không như sản_xuất lúa thuần .",Science
"Với sự nỗ_lực , quyết_tâm , nêu cao tinh_thần trách_nhiệm , đoàn_kết thống_nhất của toàn Đảng_bộ và nhân_dân trong huyện , kinh_tế - xã_hội của huyện từng bước phát_triển , đời_sống của nhân_dân ngày_càng được nâng cao ; số xã đạt thêm các tiêu_chí nông_thôn mới tăng lên ; quốc_phòng an_ninh được bảo_đảm , giữ vững vững ổn_định",Social
Người Ba na ở đây đã lâu chưa ?,Usual
"Đến gần trưa , chợ đã vãn người , Yôl và chị ra về .",Usual
Quyết_định về việc công_bố Danh_mục thủ_tục hành_chính mới ban_hành trong lĩnh_vực nông_nghiệp và Phát_triển nông_thôn thuộc phạm_vi chức_năng quản_lý của Sở Nông_nghiệp và Phát_triển nông_thôn tỉnh Bình_Định,Politics
"Trong tự_nhiên , bào_tử mộc_nhĩ bay lơ_lửng trong không_khí , gặp điều_kiện thuận_lợi sẽ nảy mầm thành sợi , ăn sâu vào thớ gỗ , sau đó mộc_nhĩ sẽ mọc ở phía ngoài thân gỗ .",Science
"Qua bình_xét gia_đình văn_hoá năm 2019 , toàn thôn có 246/250 hộ đạt danh_hiệu gia_đình văn_hoá , đạt tỷ_lệ 98,4% .",Social
Hôm_qua bà đan được ba cái .,Usual
Hoạt_động thường_xuyên của Ban Tham_vấn :,Politics
"Các tổ_chức chuyên_môn , nghiệp_vụ trực_thuộc Ban Quản_lý được thành_lập trên cơ_sở chức_năng , nhiệm_vụ được giao và yêu_cầu hoạt_động trong từng thời_kỳ .",Politics
"Ngày_xửa_ngày_xưa , ở một làng nọ , có một chàng trai_trẻ mô côi từ nhỏ , nhà rất nghèo .",Usual
"Theo Hạt kiểm_lâm huyện : Toàn huyện hiện có 58.835 ha đất lâm_nghiệp , trong đó đất có rừng 47.685 ha , đất rừng trồng 3.399 ha , độ che_phủ của rừng đạt 75,8% .",Social
Các lĩnh_vực văn_hoá - xã_hội có nhiều chuyển_biến tích_cực,Social
Trường_hợp có từ 02 người trở lên có kết_quả tuyển_dụng thấp hơn liền kề mà bằng nhau thì Chủ_tịch UBND tỉnh quyết_định người trúng_tuyển theo quy_định tại Điểm b Khoản 3 Mục_IV .,Politics
Cây_Giảo cổ lam sau 4 - 5 tháng kể từ ngày trồng ( tuỳ theo tốc_độ sinh_trưởng và phát_triển về khối_lượng dược_liệu của cây trên từng thửa ruộng ) có_thể tiến_hành thu_hoạch dược_liệu .,Science
"Bố mua cho Yôl một cái quần màu xanh , một cái quần màu vàng .",Usual
"Xế trưa , Yôl cùng bác sang thăm .",Usual
"Thực_hiện sự chỉ_đạo của huyện về việc triển_khai công_tác tiêm phòng vắc_xin cho đàn gia_súc , gia_cầm năm 2020 , đến thời_điểm hiện_tại , xã Vĩnh_Thịnh đã triển_khai tiêm phòng được 5.000 liều vắc_xin cho đàn gia_cầm , đạt tỷ_lệ khoảng 41% kế_hoạch",Social
Lúc đầu mới đan được mười cái .,Usual
"Về phân_chia nguồn vốn đối_với công_trình nước_sạch nông_thôn : Phân_chia theo Quyết_định số 36/2018/QĐ-UBND ngày 20/7/2018 của UBND tỉnh về việc ban_hành Quy_định một_số chính_sách ưu_đãi , hỗ_trợ đầu_tư xây_dựng công_trình cấp nước_sạch nông_thôn trên địa_bàn tỉnh .",Politics
"Buổi chiều , Yôl thường thả chó ở bãi có gần hồ , rồi đi lấy củi .",Usual
"Tại các nơi đến thăm , các đồng_chí lãnh_đạo huyện đã ân_cần hỏi_thăm tình_hình sức_khoẻ , đời_sống của các gia_đình chính_sách , đồng_thời mong_muốn các gia_đình tiếp_tục phát_huy truyền_thống cách_mạng , gương_mẫu thực_hiện tốt các chủ_trương của Đảng , chính_sách của Nhà_nước và các phong_trào thi_đua yêu nước ở địa_phương , tích_cực tham_gia lao_động sản_xuất , góp sức xây_dựng quê_hương ngày_càng giàu_mạnh .",Social
"Ở ngoài sân , bác Yôl đang nói_chuyện với 5 người lạ .",Usual
"Về phẩm_chất chính_trị , đạo_đức , trình_độ chuyên_môn , nghiệp_vụ và năng_lực công_tác để bổ_sung kịp_thời cho ngành giáo_dục và đào_tạo năm_học 2019 - 2020 các huyện , thị_xã , thành_phố .",Education
Căn_cứ Quyết_định số 3593 / QĐ-UBND ngày 29/10/2014 của Uỷ_ban_nhân_dân tỉnh Bình_Định về việc ban_hành Kế_hoạch triển_khai Chiến_lược và Chương_trình hành_động của Chính_phủ thực_hiện Chiến_lược công_tác dân_tộc đến năm 2020 trên địa_bàn tỉnh Bình_Định ;,Politics
Lúc đầu mới đan được một trăm cái .,Usual
Con muốn được đi thăm thủ_đô Hà_Nội như anh Boong : .,Usual
Hôm kỉa mới đan được 3 cái .,Usual
Bà đang đan năm cái nữa .,Usual
Bố Yôl kể rằng : Bố_mẹ trồng những cây_ăn_quả đầu_tiên ở khu vườn này cách đây hơn bảy mươi năm .,Usual
"Mới_đây , Ban Chỉ_huy phòng_chống thiên_tai và tìm_kiếm cứu nạn hồ_chứa_nước Định_Bình đã họp triển_khai phương_án ứng_phó thiên_tai công_trình hồ_chứa_nước Định_Bình năm 2019",Politics
Anh quyết_định phải tìm ra người đó .,Usual
"Phân_Ure và Kali pha nước tưới với nông độ 0,3% , lượng bón 50 - 70 g / cây .",Science
Căn_cứ Pháp_lệnh Giống cây_trồng số 15/2004/PL-UBTVQH11 ngày 24 tháng 3 năm 2004 của Uỷ_ban thường_vụ Quốc_hội ;,Politics
"Khách_quan nhìn_nhận , dù kinh_tế - xã_hội ở khu_vực miền núi , vùng_cao đã có chuyển_biến tích_cực , nhưng tốc_độ tăng_trưởng kinh_tế còn thấp , cơ_cấu kinh_tế chuyển_dịch chậm và chưa vững_chắc .",Social
"Hôm_kia , Yôl cùng bà sang thăm .",Usual
"Hôm sau , bầy lợn vào rẫy ăn sắn .",Usual
"Và phát_huy giá_trị các di_tích lịch_sử - văn_hoá và danh_lam_thắng_cảnh trên địa_bàn huyện , thị_xã , thành_phố .",Social
"Kết_thúc hội_nghị , Đại_biểu Quốc_hội Đặng_Hoài_Tân ghi_nhận , tiếp_thu các ý_kiến của cử_tri , đồng_thời hứa sẽ chuyển những kiến_nghị này tới các cơ_quan_chức_năng giải_quyết sớm nhất trong phạm_vi quyền_hạn của mình .",Politics
Bà đang đan chín cái nữa .,Usual
Chỉ thấy tảng đá ông hay ngồi bỗng xuất_hiện dòng chữ kì_lạ trông rất đẹp .,Usual
"Yôl vừa làm vừa chơi , hết chạy đến chỗ chú lại chạy sang chỗ bố , có_khi lại mải_mê nhìn theo những chú bướm vàng trước mặt .",Usual
"Sở Kế_hoạch và Đầu_tư : Phối_hợp với Sở Tài_chính , Sở Văn_hoá và Thể_thao bố_trí kế_hoạch kinh_phí ngân_sách của tỉnh , đồng_thời tham_gia huy_động các nguồn tài_trợ trong và ngoài tỉnh cho Liên_hoan .",Politics
Trường_hợp các văn_bản quy_phạm_pháp_luật được dẫn chiếu để áp_dụng tại Quyết_định này,Politics
Chị_gái đang đan 1000 cái nữa .,Usual
"Tỷ_lệ hộ nghèo giảm ; cơ_bản không còn hộ dân ở nhà tạm ; đã thực_hiện có hiệu_quả các chính_sách hỗ_trợ phát_triển rừng , hỗ_trợ sản_xuất tăng thu_nhập",Social
Hoạt_động võ_thuật cổ_truyền trong những năm vừa_qua vẫn được duy_trì và phát_triển trên nhiều mặt .,Social
"Không bằng_lòng với cuộc_sống nghèo_đói , bác Nam đã mạnh_dạn vay tiền của ngân_hàng để phát_triển chăn_nuôi .",Social
"Cấp_uỷ đổi_mới phương_thức lãnh_đạo , hướng về cơ_sở , tăng_cường công_tác kiểm_tra , giám_sát nhờ vậy các nhiệm_vụ chủ_yếu đạt kết_quả khá",Social
"Hôm_kia , Yôl thường thả mèo rừng ở bãi có gần hồ , rồi đi lấy củi .",Usual
"Ngày_xửa_ngày_xưa , ở 1 làng nọ , có 1 chàng trai_trẻ mô côi từ nhỏ , nhà rất nghèo .",Usual
"Thiếu_nhi tài_năng trên các lĩnh_vực văn_hoá , nghệ_thuật , có ảnh_hưởng tích_cực trong thiếu_nhi : 03 em .",Social
Ngày_mai bà đi chợ bán củi .,Usual
"Đến khu , cụm công_nghiệp hoặc đến địa_điểm quy_hoạch làng_nghề thì Chủ cơ_sở ngành_nghề nông_thôn được hỗ_trợ một lần kinh_phí để di_dời , cụ_thể :",Social
"Thông_qua các buổi toạ_đàm , diễn_đàn trẻ_em , đối_thoại giữa học_sinh với Ban_Giám_hiệu nhà_trường , lãnh_đạo các cơ_quan , tổ_chức , đoàn_thể để các em có cơ_hội bày_tỏ những băn_khoăn , thắc_mắc , những tâm_tư , nguyện_vọng của bản_thân .",Social
"Sở Tư_pháp , Phòng Tư_pháp các huyện , thị_xã , thành_phố",Politics
"Bón phân xong tưới nước đều_đặn , vừa_phải cho phân tan để cây hấp_thụ từ_từ . Chú_ý không nên tưới quá nhiều nước cho cây vì nếu thừa nước cây sẽ ra đọt non ảnh_hưởng đến việc xử_lý ra hoa .",Science
Ông Trần_Minh_Quốc - Phó Viện trưởng Viện_Kiểm_sát nhân_dân tỉnh ;,Politics
"Ở ngoài sân , bố Yôl đang nói_chuyện với một người lạ .",Usual
"Toàn huyện đã thực_hiện tốt công_tác huy_động trẻ DTTS đến trường , vận_động số trẻ bỏ học , lưu_ban trở_lại_trường",Social
Làng có khoảng trên 3 mươi gia_đình người Ba na .,Social
"Đến rẫy , dượng và mẹ làm_cỏ bắp .",Usual
"Những đêm rằm , ông thường kể chuyện cho Yôl nghe .",Usual
Báo_cáo đánh gia hiện_trạng sản_xuất kinh_doanh bò thịt và thịt bò chất_lượng cao Bình_Định theo chuỗi giá_trị ;,Social
"Đồng_thời , xây_dựng bộ_máy Công_an gần dân , tận_tuỵ phục_vụ nhân_dân ; tổ_chức , vận_động và phát_huy tốt nhất sức_mạnh của nhân_dân tham_gia bảo_vệ an_ninh , trật_tự .",Social
Thế có phải chăn trâu không ạ ?,Usual
Con muốn làm người đưa thư ạ . Bố_con đang ở xa . Hôm nào con cũng mong thự của bố .,Usual
"Thời_gian : 1 năm 01 lần , trước kỳ họp cuối năm của Hội_đồng_nhân_dân tỉnh .",Politics
"Thông_qua lớp tập_huấn nhằm giúp đội_ngũ cán_bộ cơ_sở làm công_tác xây_dựng nông_thôn mới cập_nhật đầy_đủ , kịp_thời chỉ_đạo mới của Trung_ương , của tỉnh liên_quan đến công_tác xây_dựng nông_thôn mới .",Politics
"Dưới đám lá khô đã bắt_đầu mục , cỏ mọc lên tua_tủa .",Usual
"Việc trao_tặng các danh_hiệu , đề_nghị khen_thưởng thực_hiện theo quy_định của Nhà_nước .",Politics
"Lúc nãy , Yôl thường thả chim ở bãi có gần hồ , rồi đi lấy củi .",Usual
Lát nữa mình lên họp ở ấy ban xã .,Usual
"Xế trưa , Yôl thường thả gà ở bãi có gần hồ , rồi đi lấy củi .",Usual
Một_số sâu_bệnh hại thường gặp,Social
"Nội_dung sinh_hoạt đảng từng bước được đổi_mới , chất_lượng đảng_viên , chất_lượng sinh_hoạt chi_bộ được nâng lên , vị_trí , vai_trò lãnh_đạo của cấp_uỷ , của tổ_chức cơ_sở đảng ngày_càng được khẳng_định , niềm tin của quần_chúng nhân_dân đối_với Đảng ngày_càng được gắn chặt",Social
"Có tác_dụng thúc_đẩy phong_trào tập_luyện , biểu_diễn loại_hình nghệ_thuật này tại các Trường_học và tham_gia vào hoạt_động văn_hoá , văn_nghệ ở địa_phương .",Social
Điều 8 . Hỗ_trợ Dự_trữ giống lúa khắc_phục hậu_quả thiên_tai,Politics
"Ứng_dụng khoa_học , công_nghệ tiên_tiến , tạo ra các sản_phẩm có chất_lượng , giá_trị kinh_tế cao , đáp_ứng nhu_cầu thị_trường",Social
"Trong năm , Đảng_uỷ thị_trấn Vĩnh_Thạnh đã kết_nạp 12 quần_chúng vào đảng , tiếp_nhận 16 đảng_viên đến sinh_hoạt tại đảng_bộ , nâng tổng_số đảng_viên của thị_trấn đến nay là 373 đảng_viên .",Social
Ông Nguyễn_Xuân_Trang - Chuyên_viên Sở Giáo_dục - Đào_tạo .,Politics
"Phát_huy phẩm_chất "" Bộ_đội Cụ Hồ "" nêu cao gương sáng trong mọi hoạt_động ; thời_gian qua , các cấp hội CCB trong huyện đã triển_khai và thực_hiện nhiều giải_pháp giúp nhau phát_triển kinh_tế , giảm nghèo nhanh , bền_vững , góp_phần thực_hiện thắng_lợi các chương_trình , mục_tiêu phát_triển kinh_tế - xã_hội địa_phương",Social
Mình tên là Điêu . Nhà Yôl ở đâu ?,Usual
"Đến dự có đồng_chí Bùi_Tấn_Thành – Phó chủ_tịch UBND huyện ; đồng_chí Hồ_Thị_Hoàn – Phó chủ_tịch UBMTTQVN huyện , lãnh_đạo các ban_ngành đoàn_thể và đặc_biệt là sự có_mặt của 74 em học_sinh có thành_tích cao trong kỳ thi_tuyển sinh Đại_học năm 2019",Politics
Hôm_qua bà đan được 8 cái .,Usual
Năm sau chú đi chợ bán củi .,Usual
"Ở ngoài sân , dì Yôl đang nói_chuyện với ba người lạ .",Usual
"Thời_gian qua , Hội nông_dân các cấp trên địa_bàn huyện thường_xuyên phối_hợp với các ngành chuyên_môn , tham_gia thực_hiện các hoạt_động tư_vấn , hỗ_trợ về giống , phân_bón , vốn , chuyển_giao tiến_bộ KHKT … cho hội_viên nông_dân",Social
Em chạy đi múc nước suối cho bà uống .,Usual
"Buổi chiều , tớ ở nhà giúp cô làm_việc nhà .",Usual
Có trình_độ tin_học đạt chuẩn kỹ_năng sử_dụng công_nghệ_thông_tin cơ_bản,Social
Phấn_đấu đến năm 2025 đạt 17/19 tiêu_chí của bộ tiêu_chí quốc_gia về xây_dựng nông_thôn mới,Politics
Anh rể đang đan 9 cái nữa .,Usual
"Sau khi xét_duyệt chính_trị , Hội_đồng nghĩa_vụ_quân_sự huyện phối_hợp các ban , ngành , đoàn_thể liên_quan tiến_hành củng_cố hồ_sơ , tổ_chức khám sức_khoẻ và tiến_hành phát lệnh gọi khám tuyển",Politics
"Để Giám_đốc Sở Văn_hoá , Thể_thao và Du_lịch phối_hợp với Giám_đốc Sở Nội_vụ trình Chủ_tịch UBND tỉnh xem_xét , sửa_đổi , bổ_sung Quy_chế cho phù_hợp .",Politics
"Ngày_kia , Yôl cùng cậu sang thăm .",Usual
Chế_độ hoạt_động của Hội_đồng,Politics
"Bom giặc dội xuống không_chỉ để tiêu_diệt những ngôi làng Bana nhỏ_bé bên dòng Đak_Krông_Bung mà thâm_độc hơn , chúng muốn tiêu_diệt đồng_bào các dân_tộc_thiểu_số miền Tây tỉnh Bình_Định - vùng căn_cứ_địa của tỉnh",Social
"Được áp_dụng hình_thức tự thực_hiện nếu có đủ năng_lực theo quy_định của pháp_luật hoặc chỉ_định thầu đối_với các hợp_đồng tư_vấn , thi_công xây_lắp và mua_sắm thiết_bị ;",Politics
"Chủ_trì , phối_hợp với Sở Tài_chính , Sở Tài_nguyên và Môi_trường và các cơ_quan có liên_quan xác_định các nhiệm_vụ sử_dụng nguồn vốn đầu_tư từ ngân_sách nhà_nước , nhiệm_vụ thu_hút các nguồn vốn khác trong và ngoài nước",Politics
"Dịp này , xã Vĩnh_Hảo đã tặng 3 suất quà cho 3 hộ dân khó_khăn , mỗi suất quà trị_giá 300 nghìn đồng .",Social
"Tại nhiều nơi trên địa_bàn huyện , người_dân vẫn không có thói_quen gom rác lại để xử_lý",Social
Hôm_qua mợ đan được bảy cái .,Usual
Hôm nọ mới đan được mười cái .,Usual
"Dân_làng sống với nhau rất vui_vẻ . Buổi sáng đi làm rẫy , buổi tối gia_đình lại ngôi bên bếp lửa . Những ngày lễ hoặc khi có khách đến , dân_làng thường tập_trung ở nhà_rông để uống rượu_cần , nhảy_múa và ca_hát .",Usual
"Kiện_toàn Ban Chỉ_đạo phòng_chống dịch_bệnh động_vật cấp huyện , cấp xã . Phân_công trách_nhiệm cụ_thể cho từng thành_viên đứng_chân địa_bàn để kiểm_tra , đôn_đốc , giám_sát công_tác tổ_chức phòng , chống dịch_bệnh động_vật .",Politics
Hôm nọ mới đan được 1 cái .,Usual
"Thời_gian tới , Ban Dân_vận huyện_uỷ Vĩnh_Thạnh tiếp_tục đẩy_mạnh các phong_trào thi_đua yêu nước , trọng_tâm là phong_trào thi_đua "" Dân_vận khéo "" gắn với việc học_tập và làm theo tư_tưởng , đạo_đức , phong_cách Hồ_Chí_Minh và Nghị_quyết Trung_ương 4 ( khoá XII ) về Tăng_cường xây_dựng , chỉnh_đốn Đảng ; xây_dựng khối đại_đoàn_kết toàn dân_tộc , xây_dựng hệ_thống chính_trị trong_sạch vững_mạnh , thực_hiện thắng_lợi nhiệm_vụ KT-XH , quốc_phòng , an_ninh ở địa_phương đề ra .",Politics
"Đây là cách làm mới , tuy_nhiên để đạt hiệu_quả cao , người_dân cần được hướng_dẫn cụ_thể để việc xử_lý rác trong các bể chứa ít gây hại tới môi_trường",Social
Hôm_kìa mới đan được 3 cái .,Usual
"Được Nhà_nước hỗ_trợ đầu_tư hạ_tầng kỹ_thuật ngoài hàng_rào dự_án ( giao_thông , cấp_điện , cấp_thoát_nước ) ;",Politics
"Điều 2 . Nguyên_tắc phân_công và phối_hợp trong triển_khai hoạt_động kiểm_tra , giám_sát và thanh_tra chuyên_ngành .",Politics
"Hôm_nay , Yôl thường thả chó ở bãi có gần hồ , rồi đi lấy củi .",Usual
Hôm_qua chị_gái đan được một_cái .,Usual
"Bảo_vệ tính_mạng , tài_sản cho hơn 1.200 hộ dân trong mùa mưa_bão ;",Social
"Ở ngoài sân , bà Yôl đang nói_chuyện với 8 người lạ .",Usual
"Thông_qua nguồn kinh_phí từ các Chương_trình khác , lựa_chọn các đối_tượng đào_tạo dài_hạn và ngắn_hạn về nghiên_cứu , quản_lý và sản_xuất giống .",Social
"Tổ_chức triển_khai các giải_pháp tái đàn , phát_triển chăn_nuôi thuộc địa_bàn .",Social
Có đăng_ký nhu_cầu tuyển_dụng và 01 lãnh_đạo đại_diện bộ_phận làm công_tác tổ_chức cán_bộ của cơ_quan thường_trực,Politics
Bài viết sau đây ghi_nhận về hiệu_quả chương_trình sản_xuất lúa lai của dồng bào các dân_tộc_thiểu_số huyện Vĩnh_Thạnh .,Social
"Lúc nãy , tớ đang đi học lớp sáu ở trường làng .",Usual
"Chương_trình Phòng , chống tai_nạn thương_tích cho trẻ_em : 270.000.000 đồng .",Social
"Đồng_chí Nguyễn_Thị_Phong_Vũ cũng khẳng_định , việc quan_tâm , chăm_lo cho những gia_đình chính_sách , người có công với cách_mạng là truyền_thống , đạo_lý tốt_đẹp của dân_tộc ta , đồng_thời là tình_cảm , trách_nhiệm của mọi người_dân ; do_đó , những năm qua , tỉnh luôn dành nhiều sự quan_tâm , chăm_lo cho các gia_đình chính_sách , người có công với cách_mạng bằng những việc_làm cụ_thể , thiết_thực .",Social
Sáng sớm mới đan được 4 cái .,Usual
"Công_nghiệp , tiểu_thủ_công_nghiệp và ngành_nghề còn nhỏ , phát_triển chậm ; kết_cấu_hạ_tầng tuy đã được tăng_cường nhưng vẫn còn nhiều yếu_kém ; tỷ_lệ hộ nghèo cao so với bình_quân chung của tỉnh .",Social
"Một trong những mô_hình thực_hành tiết_kiệm , được nhiều chị_em hưởng_ứng là tiết_kiệm tại chi_hội với nhiều hình_thức như : nuôi heo đất tiết_kiệm tại chi_hội , xây_dựng hũ gạo tình_thương , tiết_kiệm từ nguyên vật_liệu phế_thải",Social
"Thời_gian qua tuy đã triển_khai một_số đề_tài trên địa_bàn tỉnh , nhưng chủ_yếu đi_sâu vào công_tác nghiên_cứu quá_trình hình_thành và phát_triển Võ cổ_truyền Bình_Định",Social
"Bác bảo : Ngày_xưa , có nhiều thú hơn , bẫy dễ được chim thú .",Usual
Quyết_định về việc thành_lập Ban Tổ_chức Lễ_hội du_lịch hè Bình_Định năm 2017,Politics
( Cỏ_Phụ lục 2 : Kế_hoạch phối giống bò Zebu và bò Drought master giai_đoạn từ 2015 - 2020 kèm theo ) .,Politics
"Tổ_chức quản_lý khai_thác , vận_hành quỹ nhà ở sinh_viên :",Social
Chị_gái đang đan 7 cái nữa .,Usual
đi thăm những chỗ nào,Usual
"Chăm_sóc , nuôi giữ giống gốc ; mua lợn đực , nái giống ngoại ; chi_phí_sản_xuất sản_phẩm kích_dục tố cho cá đẻ ; hỗ_trợ đầu_tư phòng thử_nghiệm quốc_gia và kiểm_nghiệm chất_lượng giống …",Science
"Căn_cứ Nghị_định số 69/2009/NĐ-CP ngày 13/8/2009 của Chính_phủ quy_định bổ_sung về quy_hoạch sử_dụng đất , giá đất , thu_hồi đất , bồi_thường , hỗ_trợ và tái_định_cư",Politics
Thím đang đan bốn cái nữa .,Usual
"Đến nay , toàn huyện xây_dựng được hàng chục mô_hình , điển_hình "" Dân_vận khéo "" , trong các lĩnh_vực kinh_tế , văn_hoá - xã_hội , an_ninh - quốc_phòng",Social
Con chưa thấy nhà ruộng à ?,Usual
"Phối_hợp với các sở , ngành , đơn_vị liên_quan trong việc vận_động tài_trợ và theo_dõi , quản_lý các nguồn kinh_phí phục_vụ Liên_hoan từ ngân_sách và tài_trợ .",Politics
"Đi được một đoạn , anh lén quay lại nhà .",Usual
"Hôm_kìa , tôi đang đi học lớp sáu ở trường làng .",Usual
"Lên luống cao 25 – 30 cm , rộng 1 – 1,2 m , có rãnh luống để thuận_tiện đi_lại chăm_sóc , đào bứng cây con và thoát nước tốt .",Science
"Hưởng_ứng phong_trào xây_dựng nông_thôn mới , thời_gian qua , Hội Liên_hiệp Phụ_nữ xã Vĩnh_Hảo phát_động , triển_khai thực_hiện nhiều phong_trào thi_đua , gắn các nội_dung hoạt_động với việc thực_hiện các tiêu_chí xây_dựng nông_thôn mới mà xã đã đề ra",Social
"Các cành để lại được buộc chặt vào giàn để tránh gió lay làm rách lá , rụng mắt và tránh để cành đè lẫn lên nhau .",Science
"Hôm_nay , hơn 7 nghìn học_sinh của huyện vùng_cao Vĩnh_Thạnh đến trường dự lễ khai_giảng năm_học 2019-2020",Social
"Đến nay , rau_an_toàn Vĩnh_Sơn đã được siêu_thị Big_C đặt_hàng thường_xuyên",Social
Hôm_qua dượng đan được 1000 cái .,Usual
Giải_pháp thức_ăn và nuôi_dưỡng :,Social
"Các ông ( bà ) có tên tại Điều 1 và các đơn_vị , hộ vay được kiểm_tra chịu trách_nhiệm thi_hành Quyết_định này kể từ ngày ký .",Politics
"Quyết_định ban_hành Kế_hoạch tuyển_dụng_viên_chức làm_việc tại các cơ_sở giáo_dục trung_học_cơ_sở , tiếu học , mầm_non năm 2019",Politics
Xét đề_nghị của Sở Nông_nghiệp và Phát_triển nông_thôn tại Tờ_trình số 2707 / TTr-SNN ngày 19 tháng 8 năm 2015,Politics
"UBND cấp xã ; các tổ_chức hội ; đoàn_thể nhận uỷ_thác cho vay chương_trình tín_dụng học_sinh , sinh_viên cấp huyện , xã",Politics
Ngày hôm_nay mới đan được 10 cái .,Usual
"Nhờ những biện_pháp tích_cực đó , năm 2019 trên địa_bàn xã không có trường_hợp nào trẻ_em sinh ra là con thứ 3 trở lên , trong khi đó năm 2018 là 3 trường_hợp",Social
"Đồng_chí Nguyễn_Thị_Phong_Vũ , UVBTV tỉnh_uỷ , Trưởng ban Ban Dân_vận tỉnh_uỷ , Chủ_tịch Uỷ_Ban MTTQ Việt_Nam tỉnh đã đi thăm , tặng quà cho gia_đình chính_sách huyện Vĩnh_Thạnh",Politics
"Buổi chiều , tớ ở nhà giúp anh rể làm_việc nhà .",Usual
"Hiện_nay , Hội Nông_dân huyện Vĩnh_Thạnh đã nhận uỷ_thác cho vay hộ nghèo tại Phòng giao_dịch Ngân_hàng Chính sách xã hội huyện với doanh_số cho vay đạt hơn 113,8 tỉ đồng / 2.524 lượt hộ vay",Social
"Gắn_bó với tổ_chức Hội và phong_trào nông_dân gần 10 năm , chị không ngừng đổi_mới nội_dung , phương_thức hoạt_động nâng cao vai_trò của tổ_chức hội , được đông_đảo cán_bộ , hội_viên nông_dân tin_yêu , quý_mến",Social
"Trước_mắt , tìm_kiếm , bồi_dưỡng những nhân_tố điển_hình , xuất_sắc trong học_sinh , sinh_viên và người làm công_tác giáo_dục đào_tạo",Social
"Tăng_cường các chương_trình bằng tiếng dân_tộc , gắn với chủ_đề của "" Ngày Văn_hoá các dân_tộc Việt_Nam "" tại Bình_Định",Social
Chủ_tịch Uỷ_ban_nhân_dân tỉnh,Politics
"Hiện_nay , thời_tiết đang trong giai_đoạn chuyển mùa là điều_kiện thuận_lợi để các loại dịch_bệnh bùng_phát",Social
Bác đang đan 100 cái nữa .,Usual
"Trong đợt giao quân lần này , huyện Vĩnh_Thạnh có 58 thanh_niên lên_đường nhập_ngũ , trong đó có 8 thanh_niên thực_hiện nghĩa_vụ công_an nhân_dân",Social
"Tỉnh theo_dõi , đôn_đốc , kiểm_tra và báo_cáo Chủ_tịch UBND tỉnh tình_hình triển_khai thực_hiện kế_hoạch này .",Politics
"Điểm a Khoản này hoặc trong trường_hợp cơ_quan , đơn_vị sử_dụng_viên_chức phát_sinh nhu_cầu tuyển_dụng mới trong cùng năm tuyển_dụng",Politics
Trong quá_trình triển_khai thực_hiện có_thể họp đột_xuất khi có nhiệm_vụ .,Politics
Làng có khoảng trên 9 mươi gia_đình người Kinh .,Social
"Những năm qua , MTTQ các cấp huyện Vĩnh_Thạnh đóng vai_trò quan_trọng trong việc xây_dựng và nhân rộng nhiều mô_hình thiết_thực trên địa_bàn dân_cư . Góp_phần xoá_đói_giảm_nghèo , phát_triển kinh_tế , thực_hiện hiệu_quả Cuộc vận_động "" Toàn dân đoàn_kết xây_dựng đời_sống văn_hoá ở khu dân_cư "" gắn với xây_dựng nông_thôn mới",Social
Buổi tối chị đi chợ bán củi .,Usual
"Sau đó tưới thưa dần tuỳ vào độ_ẩm của luống cây . Ngừng tưới nước trước khi thu_hoạch 7 - 10 ngày để làm tăng chất_lượng cho nho , làm cho quả không bị mềm sau khi thu_hoạch .",Science
Sở Lao_động - Thương_binh và Xã_hội,Politics
"Vào tháng_một , tháng hai , tháng ba hoặc tháng tám , tháng chín , tháng mười khi mùa_màng đã thu_hoạch xong .",Social
Sáng sớm cô đi chợ bán củi .,Usual
"Chỉ một năm sau , bác đã có thêm một con nghé và hơn chục con chó con .",Usual
"Mùa hè , Yôl thường chăn gà và tắm ở đó .",Usual
Trạm_xá xã Vĩnh_Sơn là hai dãy nhà nhỏ năm ở trung_tâm xã .,Usual
"Một_số chính_sách đối_với hộ nghèo như : nguồn vốn vay ưu_đãi ; chính_sách đào_tạo nghề , giải_quyết việc_làm , xuất_khẩu lao_động được quan_tâm",Social
Tất_cả là chín cái .,Usual
"Nhờ đó , bà_con đồng_bào dân_tộc_thiểu_số dần_dần từ_bỏ thói_quen du_canh , bám_trụ để sản_xuất lúa_nước , đời_sống được cải_thiện rõ_rệt và an_ninh lương_thực ở các khu_vực miền núi được bảo_đảm vững_chắc .",Social
"Để nâng cao hơn_nữa chất_lượng đời_sống người_dân trong huyện , năm 2020 huyện Vĩnh_Thạnh tiếp_tục đề ra nhiều giải_pháp thực_hiện",Social
Hôm_qua dượng đan được chín cái .,Usual
"Tuy_nhiên , bên cạnh kết_quả đạt được , kinh_tế trên địa_bàn huyện cũng gặp không ít khó_khăn do dịch_tả lợn châu_Phi , dịch sốt_xuất_huyết , thời_tiết nắng hạn kéo_dài , giá_cả một_số mặt_hàng nông_nghiệp tăng nhưng sản_lượng giảm do mất_mùa , nguyên_liệu cho sản_xuất công_nghiệp của một_số ngành_hàng còn hạn_chế , tình_trạng lấn_chiếm đất , xây_dựng trái_phép chưa được giải_quyết triệt_để , ảnh_hưởng không nhỏ đến nhiệm_vụ phát_triển kinh_tế - xã_hội của địa_phương",Social
Làng Kon_Đruch ở trên núi cao .,Usual
"Năm 2019 , Ban Tổ_chức Huyện_uỷ Vĩnh_Thạnh đã làm tốt công_tác tham_mưu cho thường_trực , Ban thường_vụ Huyện_uỷ lãnh_đạo , chỉ_đạo thực_hiện tốt các chỉ_tiêu , nhiệm_vụ trên các mặt công_tác như",Politics
Cậu đã đi chợ rồi .,Usual
"Công_tác xử_lý vi_phạm đối_với những trường_hợp phá rừng làm rẫy còn nhiều bất_cập , đối_tượng không có tiền nộp phạt , việc cưỡng_chế phá_bỏ hoa_màu , buộc trồng lại rừng đối_với một_số vụ chưa thực_hiện được",Social
"Căn_cứ Thông_tư số 02/2017/TT-VPCP ngày 31 tháng 10 năm 2017 của Bộ_trưởng , Chủ_nhiệm Văn_phòng Chính_phủ hướng_dẫn nghiệp_vụ về kiểm soát thủ_tục hành_chính ;",Politics
"Xây_dựng Chương_trình hành_động thực_hiện gắn với kế_hoạch thực_hiện các chỉ_thị , nghị_quyết của Đảng , các phong_trào thi_đua của ngành , địa_phương , cơ_quan , đơn_vị",Politics
Điều 3 . Chánh Văn_phòng UBND tỉnh ;,Politics
"Căn_cứ Nghị_quyết số 21/2019/NQ-HĐND ngày 11 tháng 7 năm 2019 của Hội_đồng_nhân_dân tỉnh Quy_định mức chi chúc_thọ , mừng thọ và tặng quà cho người cao_tuổi trên địa_bàn tỉnh Bình_Định",Politics
"Bây_giờ , Yôl thường thả lợn ở bãi có gần hồ , rồi đi lấy củi .",Usual
Anh rể đang đan sáu cái nữa .,Usual
"Xế trưa , Yôl thường thả chim ở bãi có gần hồ , rồi đi lấy củi .",Usual
"Đến thăm một_số gia_đình chính_sách trên địa_bàn huyện , đồng_chí đã ân_cần hỏi_thăm tình_hình sức_khoẻ , trò_chuyện cùng các đồng_chí thương , bệnh_binh và chúc các đồng_chí mạnh_khoẻ , trường_thọ để tiếp_tục làm điểm_tựa tinh_thần cho thế_hệ sau trong gìn_giữ và phát_huy truyền_thống cách_mạng .",Social
Lúc trước chú đi chợ bán củi .,Usual
"Ngày_mai , Yôl cùng bà sang thăm .",Usual
Ông đang đan 5 cái nữa .,Usual
"Trình_tự , thủ_tục xác_định đối_tượng và thực_hiện việc thuê nhà ở sinh_viên :",Politics
Bà_con đang ở xa .,Usual
Về trình_tự hỗ_trợ,Politics
Đoàn khảo_sát do ông Lý_Hoài_Nam – Trưởng Ban Kinh_tế - Xã_hội HDND huyện chủ_trì buổi làm_việc .,Politics
Ông đang đan 10 cái nữa .,Usual
Trước ngày thi ít_nhất 01 ngày làm_việc,Social
"Ngày_kia , tôi đang đi học lớp bốn ở trường làng .",Usual
"Mô_hình kinh_tế trang_trại vườn đồi , chăn_nuôi hiệu_quả cao xuất_hiện ngày_càng nhiều ở các xã miền núi , vùng_cao",Social
"Ngày hôm_kia , Yôl cùng anh rể sang thăm .",Usual
"Về lĩnh_vực y_tế , cử_tri kiến_nghị hiện_nay các hộ nghèo mặc_dù được miễn_giảm nhiều về viện_phí , nhưng khi nhập_viện vẫn phải đóng một khoản tiền ban_đầu khá lớn mới được nhập_viện , gây khó_khăn cho các hộ nghèo .",Social
Trong quá_trình phân_chia lô trên vườn điều phải chú_ý đến đường vận_chuyển . Việc chuẩn_bị hố trồng phải được đánh_dấu trước để bảo_đảm khoảng_cách trồng đúng như dự_kiến .,Science
Hôm_nay chị đi chợ bán củi .,Usual
"Mùa phát rẫy đã đến , hôm_nay mợ Ba đi xuống chợ mua thêm một cái kéo .",Usual
Buổi chiều mới đan được mười cái .,Usual
xây_dựng khối đại_đoàn_kết toàn dân_tộc,Social
"Ngày hôm_kia , Yôl thường thả cá ở bãi có gần hồ , rồi đi lấy củi .",Usual
Hôm_qua mẹ đan được 6 cái .,Usual
"Tổ_chức các ngày phim , đợt phim về Văn_hoá các dân_tộc Việt_Nam .",Social
"Bón bổ_sung phân_bón tổng_hợp NPK bón_lót sau khi thu_hoạch quả và phân_bón tổng_hợp NPK bón_thúc trong giai_đoạn ra hoa , đậu quả và giai_đoạn quả lớn",Science
Hôm_qua má đan được 1 cái .,Usual
Cháu giúp bác chẻ lạt đi .,Usual
"Ở ngoài sân , bác Yôl đang nói_chuyện với 1 người lạ .",Usual
Nhà Yôl có một con trâu .,Usual
"Buổi chiều , tớ đang đi học lớp mười ở trường làng .",Usual
Điều 4 . Hỗ_trợ di_dời,Politics
Đối_với các hộ còn lại : hỗ_trợ 50% giá giống cây_trồng cạn .,Social
"Ngoài_ra trên cơ_sở diện_tích đất theo quy_hoạch được duyệt , trong khuôn_viên của các trường với tổng diện_tích đất khoảng 5,62 ha",Social
Cơ_quan tham_mưu thực_hiện : Sở Tư_pháp .,Politics
"Thông_qua các hoạt_động chuyển_giao khoa_học , kỹ_thuật đã giúp cho nông_dân nâng cao được kiến_thức , trình_độ về khoa_học công_nghệ mới ứng_dụng trong trồng_trọt , chăn_nuôi đạt hiệu_quả cao góp_phần tăng năng_suất , chất_lượng sản_phẩm và xây_dựng thương_hiệu cho sản_phẩm , góp_phần đáng_kể vào tăng_trưởng kinh_tế của huyện nhà",Social
"Nhóm cùng sở_thích sản_xuất rau_an_toàn đã xây_dựng quy_chế hoạt_động , bầu Ban điều_hành , nhóm trưởng để triển_khai thực_hiện các công_việc của nhóm",Social
Giá_trị kim_ngạch xuất_khẩu hải_sản đạt khoảng 250 triệu USD .,Social
Vì sao lại hay cháy vào tháng ba và tháng tư ?,Usual
Hôm_qua má đan được 3 cái .,Usual
Anh_trai đang đan sáu cái nữa .,Usual
"Sáng sớm , bố_mẹ cho Yôl đi theo lên rẫy .",Usual
Trong quá_trình triển_khai thực_hiện kế_hoạch phát_triển nhà ở sinh_viên trên địa_bàn tỉnh .,Politics
"Phối_hợp với Bộ Nông_nghiệp và Phát_triển nông_thôn xây_dựng cơ_chế , chính_sách triển_khai thực_hiện Chương_trình .",Politics
"Điều 3 . Chánh Văn_phòng UBND tỉnh , Giám_đốc các Sở : Nông_nghiệp và PTNT , Y_tế , Công_Thương , Tài_chính , Chủ_tịch UBND các huyện , thị_xã , thành_phố và Thủ_trưởng các sở , ngành , đơn_vị liên_quan chịu trách_nhiệm thi_hành Quyết_định này kể từ ngày ký . / .",Politics
"Nhà_rông là nơi diễn ra các lễ_hội , là nơi tiếp_đón khách , là nơi hội_họp của dân_làng , cũng là nơi để thanh_niên nam_nữ đến gặp_gỡ , tỏ_tình và kết_duyên vợ_chồng .",Social
"Bên cạnh đó , trong nhiệm_kỳ qua , Vĩnh_Hiệp cũng chú_trọng công_tác đầu_tư xây_dựng_cơ_bản",Social
"Căn_cứ Quyết_định số 3408 / QĐ-BNN-QLCL ngày 20 tháng 12 năm 2010 của Bộ Nông_nghiệp và Phát_triển nông_thôn về việc phân_công tổ_chức thực_hiện nhiệm_vụ kiểm_tra , giám_sát chất_lượng vật_tư nông_nghiệp và an_toàn thực_phẩm nông_lâm thuỷ_sản thuộc phạm_vi quản_lý của Bộ Nông_nghiệp và Phát_triển nông_thôn ;",Politics
3 cái này để đựng thóc và bắp .,Usual
Riêng trong năm 2018 có 71 người với số tiền hỗ_trợ 142 triệu đồng . Định_mức hỗ_trợ 2 triệu đồng / người .,Social
"Hưởng_ứng , tạo điều_kiện cho học_sinh , sinh_viên các trường trung_học_phổ_thông , trung_tâm giáo_dục thường_xuyên , cơ_sở giáo_dục nghề_nghiệp",Social
"Ngoài_ra , Chi_bộ cũng đã chỉ_đạo các hội_đoàn_thể trong làng vận_động nhân_dân tham_gia thực_hiện chương_trình xây_dựng nông_thôn mới ở địa_phương và các phong_trào hoạt_động khác",Social
Nông_dân tham_gia được hỗ_trợ 70% cá giống và thức_ăn,Social
Một ngày anh cho gà ăn hai lần .,Usual
Hôm kỉa thím đi chợ bán củi .,Usual
"Thủ_trưởng các sở , ban , ngành liên_quan ;",Politics
"Sau khi lập hồ_sơ đề_nghị hỗ_trợ , chủ tàu cá nộp hồ_sơ tại Trạm BVNL thuỷ_sản huyện trực_thuộc Chi_cục Khai_thác và Bảo_vệ nguồn lợi Thuỷ_sản",Politics
"Phương_pháp điều_tra , khảo_sát và thu_thập số_liệu",Social
"Cơ_quan quản_lý_nhà_nước chưa kiên_quyết xử_lý việc sử_dụng , sang_nhượng , mua_bán , lấn_chiếm trái_phép đất lâm_nghiệp , nhất_là đối_với đối_tượng là người đồng_bào dân_tộc_thiểu_số .",Social
"Năm 2019 , Hội phụ_nữ cơ_sở cũng đã phát_triển thêm 182 hội_viên mới , nâng tổng_số hội_viên toàn huyện lên 6.097 hội_viên .",Social
"Tập_trung tuyên_truyền kết_quả , nội_dung nghị_quyết Đại_hội XVIII Đảng_bộ huyện , phản_ánh tình_cảm của cán_bộ , đảng_viên và nhân_dân trong huyện , người Vĩnh_Thạnh ở ngoài huyện đối_với kết_quả đại_hội đảng_bộ các cấp trong huyện .",Social
Trẻ_em trong độ tuổi từ 3 đến 5 tuổi đang theo học mẫu_giáo tại các cơ_sở giáo_dục mầm_non được quyết_định thành_lập,Social
"Phát_hành giấy mời đại_biểu , xác_thực danh_sách các đoàn trong nước và quốc_tế tham_dự Liên_hoan .",Politics
"Khi đó , Yôl cùng mẹ sang thăm .",Usual
"Việc hỗ_trợ cồng_chiêng cho các Trường_học đồng_bào DTTS trong huyện , là chương_trình mang nhiều ý_nghĩa thiết_thực , thể_hiện sự quan_tâm của Đảng , nhà_nước đối_với việc bảo_tồn và phát_huy các giá_trị văn_hoá truyền_thống của đồng_bào DTTS trên địa_bàn huyện .",Social
"Thời_gian qua , cuộc vận_động "" Toàn dân đoàn_kết xây_dựng đời_sống văn_hoá , đô_thị văn_minh "" gắn với phong_trào "" Toàn dân đoàn_kết xây_dựng đời_sống văn_hoá "" đã tạo sự chuyển_biến mạnh_mẽ về nhận_thức và hành_động trong các tầng_lớp nhân_dân , trở_thành hoạt_động đều khắp ở cơ_sở ; thông_qua 5 nội_dung của cuộc vận_động , Mặt_trận và các hội , đoàn_thể đã phát_động phong_trào thi_đua phát_triển kinh_tế , thực hiệ chủ_trương chuyển_đổi mùa_vụ , chuyển_đổi giống cây_trồng , vật_nuôi cho năng_suất cao ; xây_dựng các mô_hình nuôi cá lồng bè , bò lai , heo hướng nạc , mô_hình cánh đồng mẫu lớn , chuối_tiêu hồng , bí_đỏ , ớt … phát_triển kinh_tế trang_trại , gia trại đem lại hiệu_quả cao",Social
"Bên cạnh công_tác tuyên_truyền , vận_động đồng_bào ở các Làng kết_nghĩa giữ vững an_ninh chính_trị , trật_tự an_toàn xã_hội",Social
Hôm kỉa chị_gái đi chợ bán củi .,Usual
"Nhìn_chung công_tác hỗ_trợ nhà ở cho đối_tượng chính_sách người có công với nước trên địa_bàn huyện thực_hiện đảm_bảo , các đối_tượng được hỗ_trợ nhà ở có nơi ở , sinh_hoạt đảm_bảo phấn_khởi",Social
"Về việc quy_định việc thẩm_định , chứng_nhận cơ_sở sản_xuất , kinh_doanh thực_phẩm nông_lâm thuỷ_sản đủ điều_kiện an_toàn thực_phẩm .",Politics
"Diện_tích nuôi tôm chân trắng đạt 950 ha , tôm_sú 1.100 ha , nuôi nhuyễn_thể đạt 105 ha .",Science
"Thời_gian gần đây nhờ từng bước tiếp_cận được kỹ_thuật chăm_sóc , hình_thức lồng nuôi công_nghệ mới , chi_phí_sản_xuất thấp , cho thu_nhập ổn_định nên nghề nuôi cá lồng trên hồ thuỷ lợi Định_Bình phát_triển mạnh",Social
"UBND cấp huyện , các sở , ban , ngành triển_khai thực_hiện ý_kiến kết_luận của Phó Chủ_tịch UBND tỉnh Trần_Châu tại các Thông_báo số 22 / TB-UBND ngày 18/02/2020 ; số 23 / TB-UBND ngày 19/02/2020 về các giải_pháp phòng_chống hạn trên địa_bàn tỉnh .",Politics
Vay từ Quỹ phát_triển nhà ở của tỉnh và các nguồn vốn vay ưu_đãi khác ( nếu có ) ;,Politics
Kiểm_tra toàn_bộ các chương_trình của Liên_hoan .,Social
Sản_lượng nuôi_trồng thuỷ hải_sản ( nước_lợ và nước_mặn ) đạt 23.000 tấn / năm,Social
