,vi,ba,Categories,vi_wseg
0,Thế mà thím cũng không biết.,Dang 'noh duch kung bĭ alê̆.,Usual,Thế_mà thím cũng không biết .
1,"Các em thiếu nhi ứng cử, đề cử, trình bày chương trình hành động của mình tại cấp liên đội hoặc đơn vị chọn cử.","Rim đe hơ-yoh ưng kư, đê kư, pơtho khan tơdrong pơm đơ̆ng bơ̆n lơ̆m kơ̆p liên đôi thoi đơn vĭ 'yŏk kư",Social,"Các em thiếu_nhi ứng_cử , đề_cử , trình_bày chương_trình hành_động của mình tại cấp liên_đội hoặc đơn_vị chọn cử ."
2,Má đang đan hai cái nữa.,Mĭ atung wă tanh 'bal tŏ piêu.,Usual,Má đang đan hai cái nữa .
3,5 anh trai tớ đang học trường dân tộc nội trú ở dưới huyện Vĩnh Thạnh.,5 'nu 'nhŏng inh atung hok trương kon kông nôĭ tru uĕi tơ huen.,Usual,5 anh_trai tớ đang học trường dân_tộc nội_trú ở dưới huyện Vĩnh_Thạnh .
4,Mẹ đang đan 1000 cái nữa.,Mĭ atung wă tanh 1000 tŏ piêu.,Usual,Mẹ đang đan 1000 cái nữa .
5,6 cái này để đựng thóc và bắp.,6 tŏ mă 'nău sư̆ mong 'ba weng hơ'bo.,Usual,6 cái này để đựng thóc và bắp .
6,"Thủ trưởng các cơ quan, đơn vị và các tổ chức, cá nhân có liên quan chịu trách nhiệm thi hành Quyết định này.","Kơ dră tơm khul kơ koan, đơn vĭ xưm rim tô chưk , kă nhân ơ̆i liên koan chĭu trach nhiê̆m thi hanh kuyêt đĭnh 'nâu",Politics,"Thủ_trưởng các cơ_quan , đơn_vị và các tổ_chức , cá_nhân có liên_quan chịu trách_nhiệm thi_hành Quyết_định này ."
7,Anh rể không muốn ăn.,Mi bĭ wă sa.,Usual,Anh rể không muốn ăn .
8,"Kết quả đạt được đến nay là do sự đồng thuận của nhân dân trong xã, sự sáng tạo trong công tác tuyên truyền sâu rộng về lợi ích cho người dân từ chương trình xây dựng NTM mang lại","Thu 'yŏk đat đĕi truh ahrĕi la yua tơdrong đông thuân đơng nă ma lơm Sa, tơdrong sang tao lơm tơdrong pơtho khan jơru să lơm lơĭ ich ăn nă ma đơng chương trinh tơjung pơm cham pơlĕi chep ăn",Politics,"Kết_quả đạt được đến nay là do sự đồng_thuận của nhân_dân trong xã , sự sáng_tạo trong công_tác tuyên_truyền sâu_rộng về lợi_ích cho người_dân từ chương_trình xây_dựng NTM mang lại"
9,Huyện Vĩnh Thạnh được Ban chỉ đạo Tổng điều tra dân số và nhà ở năm 2019 của tỉnh ghi nhận là địa phương đứng thứ 2 trong tỉnh hoàn thành sớm cuộc Tổng điều tra.,Hŭn Vinh Thanh đĕi khul pơgơl Pơting ngo hnhĕi dân sô weng hnam uĕi sơnăm 2019 đơng tinh pơtho khan la cham pơlĕi uĕi mă 02 lơm tinh keh kong sruôih măng pơting ngo hnhĕi.,Politics,Huyện Vĩnh_Thạnh được Ban chỉ_đạo Tổng điều_tra dân_số và nhà ở năm 2019 của tỉnh ghi_nhận là địa_phương đứng thứ 2 trong tỉnh hoàn_thành sớm cuộc Tổng điều_tra .
10,"Tập trung vào hoạt động văn hóa ở cơ sở, các già làng, nhân sĩ, trí thức, nghệ nhân, cá nhân, tập thể tiêu biểu.","Pơnhơm lơm tơdrong văn hoa ŭi tơ kơ sơ, rim kră pơlĕi, nhân si, tri thưk, nghê nhân, rim 'nâu bơngai, kơtum 'lưng hơgĕi.",Social,"Tập_trung vào hoạt_động văn_hoá ở cơ_sở , các già_làng , nhân_sĩ , trí_thức , nghệ_nhân , cá_nhân , tập_thể tiêu_biểu ."
11,2. Mục tiêu cụ thể,Băl. Tơdrong cu thê,Politics,2 . Mục_tiêu cụ_thể
12,"Đến chiều, cả nhà đã suốt được năm đống lúa to.","Truh kơsơ̆, đĭ đăng ŭnh hnam jơh kêch đơ̆i đăm pơnŭ 'ba grông.",Usual,"Đến chiều , cả nhà đã suốt được năm đống lúa to ."
13,Tất cả mọi người đều im lặng.,Đĭ đăng kon pơlĕi uĕi sreh.,Usual,Tất_cả mọi người đều im_lặng .
14,"Trường hợp cơ sở sản xuất, kinh doanh nhiều loại sản phẩm thì phân công một cơ quan chủ trì, cơ quan liên quan tham gia phối hợp theo yêu cầu của cơ quan chủ trì.","Tơdrong dơnŏ choh jang, têch bơdro lư loai san phâm thoi phân kông minh kơ kuan pơgơl, kơ kuan liên kuan adrĭng pơm 'boi tơdrong wă đơ̆ng kơ kuan pơgơl",Politics,"Trường_hợp cơ_sở sản_xuất , kinh_doanh nhiều loại sản_phẩm thì phân_công một cơ_quan chủ_trì , cơ_quan liên_quan tham_gia phối_hợp theo yêu_cầu của cơ_quan chủ_trì ."
15,"Hôm nọ, tôi đi học.","Năr yơ ơ̆u, inh năm hok.",Usual,"Hôm nọ , tôi đi học ."
16,"Phối hợp với Văn phòng UBND tỉnh lập danh sách đại biểu, khách mời;","Adrĭng Văn phong UBND tinh pơm danh sach đai 'biêu, khach mơĭ",Politics,"Phối_hợp với Văn_phòng UBND tỉnh lập danh_sách đại_biểu , khách mời ;"
17,Số đào này sẽ được vận chuyển lên xã Vĩnh Sơn để trồng,Ksô̆ đao anu đĕi chơ truh sa Vinh Sơn sư pơtăm,Social,Số đào này sẽ được vận_chuyển lên xã Vĩnh_Sơn để trồng
18,"Đẩy mạnh công tác tuyên truyền, hướng dẫn, vận động người chăn nuôi thực hiện chăn nuôi an toàn sinh học; chấp hành quy định tái đàn, tiêm phòng và hợp tác với thú y cơ sở, chính quyền địa phương trong phát hiện, báo cáo dịch bệnh. Tuyệt đối không được giấu dịch, tự điều trị, làm lây lan dịch bệnh.","Jơră dêh tơdrong pơtho khan, pơchi, krao akŏm bơngai kĭa rong pơm kĭa rong an toan sinh hŏk; pơm trơ trŏ tơdrong tăi tơpul, tiêm phong weng hơ̆p tak adrĭng thŭ y kơ sơ, khul pơgơl cham pơlĕi lơ̆m 'boh, pơtho khan jĭt jĭ. Pơgloh bĭ đĕi anguôn jĭt, kơdih điêu tri, pơm apoh jĭt jĭ",Politics,"Đẩy_mạnh công_tác tuyên_truyền , hướng_dẫn , vận_động người chăn_nuôi thực_hiện chăn_nuôi an_toàn sinh_học ; chấp_hành quy_định tái đàn , tiêm phòng và hợp_tác với thú_y cơ_sở , chính_quyền địa_phương trong phát_hiện , báo_cáo dịch_bệnh . Tuyệt_đối không được giấu dịch , tự điều_trị , làm lây_lan dịch_bệnh ."
19,"Ở ngoài sân, anh rể Yôl đang nói chuyện với 1 người lạ.","Uĕi măng cham, mi Yôl atung 'bơ̆l adrĭng 1 'nu bơngai bĭ alê̆.",Usual,"Ở ngoài sân , anh rể Yôl đang nói_chuyện với 1 người lạ ."
20,Bình minh mới đan được tám cái.,Bơgê bok 'nau tanh đơ̆i tơhngam tŏ.,Usual,Bình_minh mới đan được tám cái .
21,Tăng cường xã hội hóa các hoạt động truyền thông,Tă kương sa hô̆i hŏa rim drong hoat đô̆ng truyên thông,Social,Tăng_cường xã_hội_hoá các hoạt_động truyền_thông
22,Anh rể đang đan mười cái nữa.,Mi atung wă tanh minh jĭt tŏ piêu.,Usual,Anh rể đang đan mười cái nữa .
23,"Hộ tham gia mô hình được nhà nước hỗ trợ 70% tiền giống, vật tư, phân bón, thuốc bảo vệ thực vật (riêng mô hình chanh dây ở Vĩnh Sơn, hộ đồng bào dân tộc được hỗ trợ 100% tiền giống, vật tư, phân bón, thuốc bảo vệ thực vật)","Unh hnam adrĭng pơm mô hinh đĕi kơpal tơgum 70% jên adrêch, vât tư, phân bon, bơgang jư vĕi long pơtăm (kơdih mô hinh chanh dây uĕi Vinh Sơn, unh hnam nă ma kon kông đĕi tơgum 100% jên adrêch, vât tư, phân bon, bơgang jư vĕi long pơtăm)",Science,"Hộ tham_gia mô_hình được nhà_nước hỗ_trợ 70% tiền giống , vật_tư , phân_bón , thuốc bảo_vệ thực_vật ( riêng mô_hình chanh dây ở Vĩnh_Sơn , hộ đồng_bào dân_tộc được hỗ_trợ 100% tiền giống , vật_tư , phân_bón , thuốc bảo_vệ thực_vật )"
24,Chủ tịch Hội đồng:,Chu tich Hôi đông:,Politics,Chủ_tịch Hội_đồng :
25,Khi đó mới đan được chín cái.,Jơnang 'noh bok 'nau tanh đơ̆i sĭn tŏ.,Usual,Khi đó mới đan được chín cái .
26,"Vào những ngày này, ông Yôl và dân làng thường hay ra sông vớt củi về đun.","Lơ̆m 'năr mă 'noh, 'bok đe Yôl weng kon pơlĕi hanh năm tơ krong 'yŏk 'long ŭnh chĕp sưt 'buh.",Usual,"Vào những ngày này , ông Yôl và dân_làng thường hay ra sông vớt củi về đun ."
27,Anh đang đan 5 cái nữa.,Nhŏng atung wă tanh 5 tŏ piêu.,Usual,Anh đang đan 5 cái nữa .
28,"Xây dựng, trình cơ quan có thẩm quyền phê duyệt và tổ chức thực hiện các dự án về bảo quản, tu bổ","Pơ jing, trinh kơ koan ơ̆i thâm kuyên phê yuyêt xưm tô chưk pơm rim yư̆ an lơm 'bao koan, tu 'bô",Politics,"Xây_dựng , trình cơ_quan có thẩm_quyền phê_duyệt và tổ_chức thực_hiện các dự_án về bảo_quản , tu_bổ"
29,thường cháy rừng vào tháng ba,nh hanh sa bri lơ̆m khĕi pêng,Usual,thường cháy rừng vào tháng ba
30,Đồng thời những năm đan xen không tổ chức Ngày hội Văn hóa - Thể thao các dân tộc miền núi tỉnh Bình Định (định kỳ hai năm một kỳ),Ni tơng in sơnăm đan xen bi p'lơk 'Năr hơĭ Văn hoa- Thê thao rim adrech kon kơnh tinh 'Binh Đinh ( đinh ki 'bal sơnăm minh ki),Social,Đồng_thời những năm đan_xen không tổ_chức Ngày hội Văn_hoá - Thể_thao các dân_tộc miền núi tỉnh Bình_Định ( định_kỳ hai năm một kỳ )
31,"Ở ngoài sân, mẹ Yôl đang nói chuyện với 6 người lạ.","Uĕi măng cham, mĭ Yôl atung 'bơ̆l adrĭng 6 'nu bơngai bĭ alê̆.",Usual,"Ở ngoài sân , mẹ Yôl đang nói_chuyện với 6 người lạ ."
32,"Do Uỷ ban Mặt trận Tổ quốc Việt Nam tỉnh chủ trì phát động và các hoạt động, phong trào khác có liên quan","Yua Uy 'ban Măt trân Tơ kuơk Vĭt Nam tinh pơgơl pơm păng rim tơdrong pơm, trong glong nai ơĭ lĭn kuan",Politics,"Do Uỷ_ban Mặt_trận Tổ_quốc Việt_Nam tỉnh chủ_trì phát_động và các hoạt_động , phong_trào khác có liên_quan"
33,"Kết thúc buổi tiếp xúc cử tri, đồng chí Bùi Tấn Thành , Phó Chủ tịch UBND huyện đã giải trình những ý kiến, kiến nghị vủa cử tri thuộc thẩm quyền của huyện.","Atuch măng tơjrưm măt, đ/c Bui Tân Thanh, Pho chu tich uBND hŭn jơh tơgum rim y kiên, kiên nghi đơng nă ma uĕi lơm kơbră thâm quyên đơng hŭn.",Politics,"Kết_thúc buổi tiếp_xúc cử_tri , đồng_chí Bùi_Tấn_Thành , Phó Chủ_tịch UBND huyện đã giải_trình những ý_kiến , kiến_nghị vủa cử_tri thuộc thẩm_quyền của huyện ."
34,"Hôm sau, bầy khỉ vào rẫy ăn sắn.","Năr đưng rŏng, tơpul đŏk mưt mir sa 'bum.",Usual,"Hôm sau , bầy khỉ vào rẫy ăn sắn ."
35,"Ở ngoài sân, ông Yôl đang nói chuyện với bốn người lạ.","Uĕi măng cham, 'bok Yôl atung 'bơ̆l adrĭng puôn 'nu bơngai bĭ alê̆.",Usual,"Ở ngoài sân , ông Yôl đang nói_chuyện với bốn người lạ ."
36,Các vấn đề xã hội tại địa phương liên quan đến trẻ em.,Rim tơdrong sa hôi lơ̆m cham pơlĕi liên kuan truh đe hơ-yoh,Social,Các vấn_đề xã_hội tại địa_phương liên_quan đến trẻ_em .
37,"Tổng số tiền quyên góp ủng hộ là 12,3 triệu đồng","Pơting ksô jên ung hô la 12,3 triêu đông",Social,"Tổng_số tiền quyên_góp ủng_hộ là 12,3 triệu đồng"
38,"Đời sống vật chất, tinh thần của người dân ngày một cải thiện, nâng cao","Tơdrong yăl arih, nưih sơngưm đơ̆ng nă ma 'năr minh đĕi alưng, pôk xuôn",Social,"Đời_sống vật_chất , tinh_thần của người_dân ngày_một cải_thiện , nâng cao"
39,"Chiều nay đi học về, Yôl cất tiếng gọi từ ngoài sân nhưng không thấy ông thưa.","Kơsơ̆ adrơ̆u năm hok sưt, Yôl krau 'bok đưng 'măng cham mă lĕi bĭ kơtơ̆ng 'bok tơ̆l.",Usual,"Chiều nay đi học về , Yôl cất_tiếng gọi từ ngoài sân nhưng không thấy ông thưa ."
40,Về việc thực hiện Nghị quyết số 08/TW của Bộ Chính trị về tăng cường sự lãnh đạo của Đảng,Lơm drong thưk hiê̆n nghĭ kuyê̆t sô̆ 08/TW dĭ 'Bô̆ chĭnh trĭ lơm tăng kương drong lanh đăo dĭ đang,Politics,Về việc thực_hiện Nghị_quyết số 08 / TW của Bộ_Chính_trị về tăng_cường sự lãnh_đạo của Đảng
41,thủ tục hành chính,thu tuc hanh chinh,Politics,thủ_tục hành_chính
42,"Bên cạnh đó, công tác tuyên truyền nâng cao nhận thức cho cộng đồng về phòng tránh thiên tai được chú trọng","Minh kơpah 'noh, tơdrong pơtho khan pôk xuôn tơdrong băt ăn nă ma lơ̆m phong dơt thiên tai đĕi ngŏ hnhĕi",Science,"Bên cạnh đó , công_tác tuyên_truyền nâng cao nhận_thức cho cộng_đồng về phòng_tránh thiên_tai được chú_trọng"
43,"Thực hiện tốt công tác phòng chống tham nhũng, giữ gìn an ninh chính trị và trật tự an toàn xã hội trên địa bàn","Pơm hơgĕi tơdrong phong dơt tham nhung, jư vĕi an ninh chinh tri weng trât tư an toan sa hôi lơm tơring",Social,"Thực_hiện tốt công_tác phòng_chống tham_nhũng , giữ_gìn an_ninh chính_trị và trật_tự an_toàn xã_hội trên địa_bàn"
44,Giá cho thuê nhà ở sinh viên tại các dự án được đầu tư bằng ngân sách nhà nước do Ủy ban nhân dân tỉnh quy định,Giă ăn thŭ hnam uĕi sinh viên lơ̆m rim 'yư an đĕi tơgŭm đơ̆ng ngân sach kơpal yua UBND tinh quy đinh,Social,Giá cho thuê nhà ở sinh_viên tại các dự_án được đầu_tư bằng ngân_sách nhà_nước do Uỷ_ban_nhân_dân tỉnh quy_định
45,"Cụm phía Tây Nam - Logistic số 2 là khu trung chuyển hàng hóa khi tuyến cao tốc Bắc Nam hình thành, đặt tại xã Canh Vinh.","Kŭm agah TâyNam – Logistic ksô 'băl la dơnŏ trung chŭn hang hŏa jơnang tŭ̆n cao tôc 'Băc Nam keh kong, uĕi dơnŏ sa Canh Vinh",Social,"Cụm phía Tây_Nam - Logistic số 2 là khu trung_chuyển hàng_hoá khi tuyến cao_tốc Bắc_Nam hình_thành , đặt tại xã Canh_Vinh ."
46,"Việc làm trên tiềm ẩn nguy cơ lây lan dịch bệnh gia súc, gia cầm, ảnh hưởng đến kinh tế, sức khỏe của người dân.","Tơdrong pơm anu ơĭ tơdrong pơm apoh jĭt jĭ xem rong, anh hương truh kinh tê, jăng pran đơ̆ng nă ma.",Social,"Việc_làm trên tiềm_ẩn nguy_cơ lây_lan dịch_bệnh gia_súc , gia_cầm , ảnh_hưởng đến kinh_tế , sức_khoẻ của người_dân ."
47,"Nhiều loại lắm: nai, mang, lợn rừng, khỉ..","Lư sem kơdih kơdih: jil, juôi, chơke, đŏk..",Usual,"Nhiều loại lắm : nai , mang , lợn_rừng , khỉ .."
48,Sáng sớm mới đan được sáu cái.,Bơgê sruôih bok 'nau tanh đơ̆i dơdrơ̆u tŏ.,Usual,Sáng sớm mới đan được sáu cái .
49,Khi đó mới đan được 1000 cái.,Jơnang 'noh bok 'nau tanh đơ̆i 1000 tŏ.,Usual,Khi đó mới đan được 1000 cái .
50,"Thực hiện giãn cách trong trường học: Lớp với lớp, giáo viên với giáo viên; bố trí chỗ ngồi phù hợp, học sinh ngồi cách nhau ít nhất 1 mét; ra chơi trong lớp, đi về theo lớp, phụ huynh tuyệt đối không được vào trường để đưa đón học sinh, học viên","Pơm gian cach lơm trương hok: lơp adrĭng lơp, bơngai pơtơp pơtho adrĭng bơngai pơtơp pơtho; bô tri dơnŏ uĕi alưng, hok sinh uĕi hlo bia pơgloh la 01 met; lech sơhmanh lơm lơp, năm sưt boi lơp, mi ba pơgloh bi đĕi tơmưt hnam trương sư 'yŏk hok sinh, hok viên",Education,"Thực_hiện giãn cách trong trường_học : Lớp với lớp , giáo_viên với giáo_viên ; bố_trí chỗ ngồi phù_hợp , học_sinh ngồi cách nhau ít_nhất 1 mét ; ra chơi trong lớp , đi về theo lớp , phụ_huynh tuyệt_đối không được vào trường để đưa_đón học_sinh , học_viên"
51,Ông Quách Hồng Dục - Phó Chủ tịch Hội Nông dân tỉnh;,Bŏk Quach Hông Yŭc – Phŏ Chu tich hôi Nông dân tinh,Politics,Ông Quách_Hồng_Dục - Phó Chủ_tịch Hội Nông_dân tỉnh ;
52,"Có thể kể ra một trong những điểm sáng trong học tập và làm theo tư tưởng, đạo đức phong cách Hồ Chí Minh về xây dựng mô hình thực hành tiết kiệm là Hội LHPN xã Vĩnh Thịnh",Ơĭ tơdrong tơroi lech minh lơm rim dơnŏ hrang lơm tơdrong hok weng pơm boi nưih sơngưm yăl arih alưng liêm HCM lơm tơjung pơm mô hinh pơm amăn jên la Hôi LHPN sa Vinh Thinh,Education,"Có_thể kể_ra một trong những điểm sáng trong học_tập và làm theo tư_tưởng , đạo_đức phong_cách Hồ_Chí_Minh về xây_dựng mô_hình thực_hành tiết_kiệm là Hội LHPN xã Vĩnh_Thịnh"
53,"Đội viên trí thức trẻ tình nguyện tham gia phát triển nông thôn, miền núi từ đủ 24 tháng trở lên đã hoàn thành nhiệm vụ: Được cộng 2,5 điểm vào kết quả điểm thi tại vòng 2;","Đôi viên trĭ thưk đe adruh tinh nguyên adrĭng pơm pơjing cham pơlĕi, apuung kông đơ̆ng duh 'băl jĭt puôn khĕi kơjung jơh keh kông tơdrong pơm: Đĕi kông 'băl phĕi pơđăm điêm tơmưt kêt qua điêm thi lơ̆m vong 'băl",Education,"Đội_viên trí_thức trẻ tình_nguyện tham_gia phát_triển nông_thôn , miền núi từ đủ 24 tháng trở lên đã hoàn_thành nhiệm_vụ : Được cộng 2,5 điểm vào kết_quả điểm thi tại vòng 2 ;"
54,Đám mèo rừng chạy hết.,Tơpul meu bri kơdơ̆u đi.,Usual,Đám mèo rừng chạy hết .
55,"Như mọi chủ nhật, sáng nay Yôl ngủ dậy muộn. Mặt trời đã lên quá ngọn quế trong vườn. Ở ngoài sân, bố Yôl đang nói chuyện với một người lạ. Yôl hỏi mẹ","Năr chu nhơ̆t như kung lơ̆i, bơgê adrơ̆u Yôl 'yung klui. Măt 'năr jơh suôn hluôi wêch kuê̆ lơ̆m mir. Uĕi măng cham, 'bă Yôl atung 'bơ̆l adrĭng minh 'nu bơngai bĭ alê̆. Yôl apinh mĭ",Usual,"Như mọi chủ_nhật , sáng nay Yôl ngủ dậy muộn . Mặt_trời đã lên quá ngọn quế trong vườn . Ở ngoài sân , bố Yôl đang nói_chuyện với một người lạ . Yôl hỏi mẹ"
56,Ông Phan Trọng Hổ - Phó Giám đốc sở Nông nghiệp và PTNT.,Bok Phan Trọng Hổ - Phó giám đốc sở nơng nghiệp xư̌m phát triển nơng thơn.,Politics,Ông Phan_Trọng_Hổ - Phó Giám_đốc sở Nông_nghiệp và PTNT .
57,"Đợi cho bố Điêu thức, bố Yôl hỏi:","Gô 'bă đe Diêu 'yung, 'bă đe Yôl apinh:",Usual,"Đợi cho bố Điêu thức , bố Yôl hỏi :"
58,"Kiểm tra quy trình tiêm phòng, hướng dẫn xử lý kỹ thuật và thực hiện báo cáo tiến độ tiêm phòng hàng tuần về Sở Nông nghiệp và PTNT để tổng hợp, báo cáo UBND tỉnh.","Ngŏ hnhĕi tơdrong tiêm phong, pơtho khan xư ly ky thuât weng pơm pơtho khan tơdrong tiêm phong rim tuân ăn Sơ Nông nghiêp weng pơjing cham pơlĕi sư tông hơ̆p, pơtho khan UBND tinh",Science,"Kiểm_tra quy_trình tiêm phòng , hướng_dẫn xử_lý kỹ_thuật và thực_hiện báo_cáo tiến_độ tiêm phòng hàng tuần về Sở Nông_nghiệp và PTNT để tổng_hợp , báo_cáo UBND tỉnh ."
59,Chị gái của Yôl biết rất nhiều chuyện dân tộc Kinh.,Mai đe Yôl alê̆ lư tơdrong kon kông Kinh.,Usual,Chị_gái của Yôl biết rất nhiều chuyện dân_tộc Kinh .
60,"Và mức thu cụ thể (mới phát sinh hoặc điều chỉnh) gửi Sở Tài chính thẩm định, trình UBND tỉnh xem xét, phê duyệt để làm cơ sở thực hiện.","Oêng mưk thu cu thê (anao phat sinh thoi tơplih) gưi Sơ Tai chĭnh thâm đinh, trinh UBND tinh ngŏ hnhĕi, phê duyêt sư pơm cơ sơ pơm",Politics,"Và mức thu cụ_thể ( mới phát_sinh hoặc điều_chỉnh ) gửi Sở Tài_chính thẩm_định , trình UBND tỉnh xem_xét , phê_duyệt để làm cơ_sở thực_hiện ."
61,"Tổng kinh phí dự kiến đầu tư cho lò võ Hồ Sừng là 1,435 tỉ đồng (trong đó ngân sách tỉnh chi 1,4 tỉ đồng và vận động tài trợ 35 triệu đồng)",Pơting ksô jên pơtho khan tơgŭm ăn lo pjo Hô Sưng la Minh phĕi puôn hriêng pêng jĭt pơđăm ty đông (lơ̆m 'noh jên tinh ăn minh phĕi puôn ty đông weng krao akŏm tai trơ pêng jĭt pơđăm triêu đông),Politics,"Tổng kinh_phí dự_kiến đầu_tư cho lò võ Hồ Sừng là 1,435 tỉ đồng ( trong đó ngân_sách tỉnh chi 1,4 tỉ đồng và vận_động tài_trợ 35 triệu đồng )"
62,Nhà Yôl có bảy con trâu.,Hnam Yôl ơĭ tơpơh tŏ kơpô.,Usual,Nhà Yôl có bảy con trâu .
63,"Gia đình tớ có 7 người: bố mẹ tớ, chị gái tớ, 3 anh trai tớ và tớ.","Ŭnh hnam inh ơĭ 7 nu bơngai: 'bă mĭ inh, mai inh, 3 'nu 'nhŏng inh weng kơ inh.",Usual,"Gia_đình tớ có 7 người : bố_mẹ tớ , chị_gái tớ , 3 anh_trai tớ và tớ ."
64,Gia đình của các đối tượng này không phải đóng góp kinh phí.,Ŭnh hnam đơ̆ng rim đuôĭ tương anu bĭ phai pơgŏp jên,Social,Gia_đình của các đối_tượng này không phải đóng_góp kinh_phí .
65,"Trong năm năm qua, xã Vĩnh Thuận được đầu tư triển khai xây dựng 27 công trình thiết yếu phục vụ sản xuất và đời sống người dân với tổng kinh phí xây dựng trên 12,9 tỷ đồng.","Lơm 05 sơnăm anu yuô ơu, sa Vinh Thuân đĕi tơgum pơnhroh pơm 27 kông trinh tơgum choh jang weng tơdrong yăl arih nă ma adrĭng pơting ksô jên loi 12,9 ty đông.",Social,"Trong năm năm qua , xã Vĩnh_Thuận được đầu_tư triển_khai xây_dựng 27 công_trình thiết_yếu phục_vụ sản_xuất và đời_sống người_dân với tổng kinh_phí xây_dựng trên 12,9 tỷ đồng ."
66,Xét đề nghị của Ban An toàn giao thông tỉnh tại Văn bản số 158/TTr-BATGT ngày 08/10/2013,Xưt hmăng di 'Ban An toan giao thơng tinh tơ Văn 'ban sơ sơ 158/TTr-BATGT 'năr 08/10/2013,Politics,Xét đề_nghị của Ban An_toàn giao_thông tỉnh tại Văn_bản số 158 / TTr-BATGT ngày 08/10/2013
67,Vẹt và nhông chim nào đẹp hơn?,Diê̆ weng jong sem mă yơ liêm loi?,Usual,Vẹt và nhông chim nào đẹp hơn ?
68,"Tổ chức tập huấn về công tác phòng chống dịch Corona cho tất cả thôn trưởng, y tế thôn bản trên địa bàn huyện","Pơlŏk pơtho khan lơ̆m tơdrong phong dơt jĭt Corona ăn đĭ đăng thôn trương, y tê thôn, pơlĕi lơ̆m tơring hŭn",Social,"Tổ_chức tập_huấn về công_tác phòng_chống dịch Corona cho tất_cả thôn_trưởng , y_tế thôn_bản trên địa_bàn huyện"
69,"Chúng tôi mang theo chó, rựa, giáo mác và cả cung nỏ.","Nhơn chĕp tiê̆ kŏ, tak, đơbưk weng kơ sră.",Usual,"Chúng_tôi mang theo chó , rựa , giáo_mác và cả cung nỏ ."
70,"Đồng thời xây dựng kế hoạch, phương án PCCC rừng, kiện toàn Ban chỉ huy và các tổ, đội xung kích bảo vệ rừng, triển khai quán triệt cho nhân dân trong toàn xã nhận thức, chấp hành về công tác quản lý bảo vệ rừng và PCCC rừng","Thoi 'noh tơjung pơm glong pơnhroh, tơdrong phong dơt ŭnh sa bri, kiên toan khul pơgơl weng rim tô, đôi xung kich jư vĕi bri, pơnhroh quan triêt ăn kon tơring lơ̆m sa băt, pơm trơ trŏ lơ̆m tơdrong ngŏ hnhĕi jư vĕi bri weng phong dơt ŭnh sa bri",Social,"Đồng_thời xây_dựng kế_hoạch , phương_án PCCC rừng , kiện_toàn Ban chỉ_huy và các tổ , đội xung_kích bảo_vệ rừng , triển_khai quán_triệt cho nhân_dân trong toàn xã nhận_thức , chấp_hành về công_tác quản_lý bảo_vệ rừng và PCCC rừng"
71,"Thực hiện Quyết định số 3408/QĐ-BNN-QLCL ngày 20 tháng 12 năm 2010 của Bộ trưởng Bộ Nông nghiệp và Phát triển nông thôn về việc phân công tổ chức thực hiện nhiệm vụ kiểm tra, giám sát chất lượng vật tư nông nghiệp và an toàn thực pham nông lâm thủy sản thuộc phạm vi quản lý của Bộ Nông nghiệp và Phát triển nông thôn;",Pơm Kŭ̆t đinh ksô pêng puôn không tơhgngam/QĐ-BNN-QLCL 'năr 'băl jĭt khĕi minh jĭt 'băl sơnăm 'băl ơbơ̆u không hriêng minh jĭt đơ̆ng 'Bô trương 'Bô Nông nghiêp weng pơjing cham pơlĕi lơ̆m tơdrong phân kông pơlĕi pơm tơdrong ngŏ hnhĕi tơdrong thu 'yŏk đĕi vât tư nông nghiêp weng an toan đô sa nông lâm thuy san uĕi lơ̆m kơbră tơdrong ngŏ hnhĕi đơ̆ng 'Bô Nông nghiêp weng pơjing cham pơlĕi,Politics,"Thực_hiện Quyết_định số 3408 / QĐ-BNN-QLCL ngày 20 tháng 12 năm 2010 của Bộ_trưởng Bộ Nông_nghiệp và Phát_triển nông_thôn về việc phân_công tổ_chức thực_hiện nhiệm_vụ kiểm_tra , giám_sát chất_lượng vật_tư nông_nghiệp và an_toàn thực pham nông_lâm thuỷ_sản thuộc phạm_vi quản_lý của Bộ Nông_nghiệp và Phát_triển nông_thôn ;"
72,Mặc dù quanh năm làm lụng vất vả nhưng cũng chỉ đủ ăn.,Boh ơĭ pơm plăt sơnăm giêh anat hrap tơnat truh tuôch sơnăm kung lơ̆p mah sa.,Usual,Mặc_dù quanh_năm làm_lụng vất_vả nhưng cũng chỉ đủ ăn .
73,Việc xử lý vi phạm của chính quyền các địa phương đối với hành vi vi phạm Luật Lâm nghiệp còn thiếu kiên quyết; nhiều hộ gia đình nhận khoán BVR không thực hiện việc kiểm tra rừng nên không phát hiện kịp thời rừng bị phá.,Tơdrong xư ly pơm glăi đơng khul pơgơl rim cham pơlĕi adrĭng tơdrong pơm glăi Luât lâm nghiêp ară đim pơgloh; lư unh hnam 'yŏk khoan jư vĕi bri bi pơm tơdrong năm ngo hnhĕi bri kơna bi boh tơtam bri jơh đĕi phă.,Politics,Việc xử_lý vi_phạm của chính_quyền các địa_phương đối_với hành_vi vi_phạm Luật Lâm_nghiệp còn thiếu kiên_quyết ; nhiều hộ gia_đình nhận khoán BVR không thực_hiện việc kiểm_tra rừng nên không phát_hiện kịp_thời rừng bị phá .
74,không xa nữa đâu,bĭ ơĭ hlŏ,Usual,không xa nữa đâu
75,"Buổi chiều, Yôl cùng bà sang thăm.","Jơnang kơsơ̆ adrơ̆u, Yôl adrĭng yă năm tơmang.",Usual,"Buổi chiều , Yôl cùng bà sang thăm ."
76,"Mức đầu tư mỗi lò võ cũng không vượt quá 30 triệu đồng để cải tạo nhà tập, mua sắm trang thiết bị dụng cụ tập luyện.","Mưk tơgŭm minh lo pjo kung bĭ blung adrol pêng jit triêu đông sư cai tao hnam pơtơ̆p, ruôt đô pơtơ̆p",Politics,"Mức đầu_tư mỗi lò võ cũng không vượt quá 30 triệu đồng để cải_tạo nhà tập , mua_sắm trang_thiết_bị dụng_cụ tập_luyện ."
77,"UBND tỉnh Bình Định vừa ban hành Kế hoạch thực hiện Đề án ""Bảo tồn, phát huy trang phục truyền thống các dân tộc thiểu số Việt Nam trong giai đoạn hiện nay"" trên địa bàn tỉnh Bình Định.","UBND tinh Binh Đinh anao ăn lêch glong pơnhroh pơm Đê an ""Jư vĕi, pơjing trang phŭk đơ̆ng sơ̆ rim nă ma kon kông Viêt Nam lơ̆m jơnang ahrĕi"" lơ̆m tơring tinh Binh Đinh",Social,"UBND tỉnh Bình_Định vừa ban_hành Kế_hoạch thực_hiện Đề_án "" Bảo_tồn , phát_huy trang_phục truyền_thống các dân_tộc_thiểu_số Việt_Nam trong giai_đoạn hiện_nay "" trên địa_bàn tỉnh Bình_Định ."
78,"Lúc đầu, bố mẹ cho Yôl đi theo lên rẫy.",Jơdnang pơtơm mĭ 'bă ăn Yôl năm tiê̆ tơ mir.,Usual,"Lúc đầu , bố_mẹ cho Yôl đi theo lên rẫy ."
79,Vì đánh nhau với lợn nhà khác đấy.,Yuô hơ tuh tơ bơ̆l adrĭng nhŭng hnam đe nai 'noh.,Usual,Vì đánh nhau với lợn nhà khác đấy .
80,Khi nào bẫy được bác để cho cháu nhé!,Layơ rôp đơ̆i nă sư̆ kơ mon yơh!,Usual,Khi nào bẫy được bác để cho cháu nhé !
81,"Phát hiện, lập hồ sơ 6 vụ lấn chiếm đất lâm nghiệp trái phép với tổng diện tích 8.170 m2 tại khu vực thôn Hà Ri, Vĩnh Thọ, Tà Lét","Boh, pơm hô sơ 6 vŭ tơgal teh lâm nghiêp glăi adrĭng pơting chđeh teh 8.170m2 dơnŏ thôn Ha Ri, Vinh Tho, Ta Let",Social,"Phát_hiện , lập hồ_sơ 6 vụ lấn_chiếm đất lâm_nghiệp trái_phép với tổng diện_tích 8.170 m2 tại khu_vực thôn Hà_Ri , Vĩnh_Thọ , Tà_Lét"
82,Giao Giám đốc Sở Văn hóa và Thể thao chịu trách nhiệm giúp Chủ tịch UBND tỉnh,Pơjao Giam đôc Sơ Văn hoa weng Thê thao chĭu trach nhiêm tơgŭm Chu tich UBND tinh,Politics,Giao Giám_đốc Sở Văn_hoá và Thể_thao chịu trách_nhiệm giúp Chủ_tịch UBND tỉnh
83,"Đồng thời mong muốn tập thể cán bộ quản lý, thầy cô giáo các đơn vị sẽ tiếp tục cống hiến trí tuệ, sức khỏe và sự tâm huyết, rèn luyện để trở thành tấm gương sáng về đạo đức và lòng yêu nghề, không ngừng nâng cao năng lực, trình độ chuyên môn đưa sự nghiệp giáo dục của huyện phát triển, xứng đáng với sự quan tâm, chăm lo của Đảng, Nhà nước và nhân dân.","Thoi 'noh kơ wă tơ̆p thê kang 'bô ngŏ hnhĕi, bơngai pơtơ̆p pơtho rim đơn vi ling lang pơgŏp nưih sơngưm, jăng pran weng tơdrong tơpă sư đĕi ngŏ la gương hrang lơ̆m nưih sơngưm weng tơdrong amêm nghê, bĭ thôi pôk xuôn tơdrong băt, trinh đô chuyên môn ăn tơdrong giao duc đơ̆ng hŭn pơjing, tơpă adrĭng tơdrong ngŏ hnhĕi, tơme rong đơ̆ng Đang, kơpal weng kon tơring.",Education,"Đồng_thời mong_muốn tập_thể cán_bộ quản_lý , thầy_cô_giáo các đơn_vị sẽ tiếp_tục cống_hiến trí_tuệ , sức_khoẻ và sự tâm_huyết , rèn_luyện để trở_thành tấm gương sáng về đạo_đức và lòng yêu nghề , không ngừng nâng cao năng_lực , trình_độ chuyên_môn đưa sự_nghiệp giáo_dục của huyện phát_triển , xứng_đáng với sự quan_tâm , chăm_lo của Đảng , Nhà_nước và nhân_dân ."
84,"Chỉnh độ ẩm ở mức 60 - 65% là vừa đủ, thử bằng cách nắm mùn cưa trong lòng bàn tay rồi từ từ mở ra, nhìn hiện trạng mùn cưa trong tay để biết đủ ẩm hay chưa.","Pơm lơngơp 'nhă 'long sư̆ dang dơdrơ̆u jĭ truh dơdrơ̆u jĭ đăm phân hriêng buơ̆ tơ̆t, kơđôp năng 'nhă 'long lơ̆m ti đơ̆ng rŏng tơ'nglaih dal dal, hnhĕi năng 'nhă 'long lơ̆m ti tam tơ̆l lơngơp lê̆ đim.",Science,"Chỉnh độ_ẩm ở mức 60 - 65% là vừa đủ , thử bằng cách nắm mùn_cưa trong lòng bàn_tay rồi từ_từ mở ra , nhìn hiện_trạng mùn_cưa trong tay để biết đủ ẩm hay chưa ."
85,Rừng cây trước mặt không còn vàng úa nữa.,Long bri anô̆ măt bĭ ơĭ ară 'brơ̆u in yơ̆u.,Usual,Rừng cây trước mặt không còn vàng úa nữa .
86,Giáo viên tiểu học hạng IV (Mã số: V.07.03.09):,Giăo viên tiêu hŏk hang puôn (Mă sô: V. không tơpơ̆h. không pêng. không tơxĭnh):,Education,Giáo_viên tiểu_học hạng IV ( Mã_số : V. 07.03.09 ) :
87,"Chỉ đạo UBND các xã, phường, thị trấn: Giao trách nhiệm cho thú y xã, thôn và Trưởng thôn theo dõi, giám sát dịch bệnh thuộc địa bàn.","Pơgơl UBND rim Sa, phương, thi trân: Pơjao tơdrong pơm ăn thŭ y Sa, thôn weng Trương thôn ngŏ hnhĕi jĭt jĭ lơ̆m cham pơlĕi",Social,"Chỉ_đạo UBND các xã , phường , thị_trấn : Giao trách_nhiệm cho thú_y xã , thôn và Trưởng_thôn theo_dõi , giám_sát dịch_bệnh thuộc địa_bàn ."
88,Theo Chỉ thị số 32-CT/TW ngày 09/12/2003 của Ban Bí thư Trung ương Đảng về tăng cường sự lãnh đạo của Đảng trong công tác PBGDPL,"Boi Chi thi ksô pêng jĭt 'băl-CT/TW 'năr tơxĭnh khĕi minh jĭt 'băl sơnăm 'băl ơbơ̆u không hriêng le pêng đơ̆ng 'Ban 'Bĭ thư Trung ương Đang lơ̆m kơjung tơdrong pơgơl đơ̆ng Đang lơ̆m tơdrong pơtho khan, giăo yŭk phap luât",Politics,Theo Chỉ_thị số 32 - CT / TW ngày 09/12/2003 của Ban_Bí_thư Trung_ương Đảng về tăng_cường sự lãnh_đạo của Đảng trong công_tác PBGDPL
89,"Triển khai công tác tuyên truyền cổ động trực quan trên các trục đường giao thông, các địa điểm diễn ra Liên hoan.","Pơnhroh tơdrong pơtho khan cô đông trưk kuan lơ̆m rim trŭk trong năm, rim dơnŏ pơlĕi Liên hoan",Politics,"Triển_khai công_tác tuyên_truyền cổ_động trực_quan trên các trục đường giao_thông , các địa_điểm diễn ra Liên_hoan ."
90,"Tăng cường tình đoàn kết các dân tộc Việt Nam trong tỉnh và cả nước, nâng cao ý thức tôn trọng, tương trợ giúp nhau về mọi mặt","Kjung tơdrong đoan kêt adrĭng rim adrech kon kơng Vĭt Nam lơm tinh păng lơm têh đak,pơk xuơn y thưk 'mem mơ nat, tơgum adrĭng tơ'bơl lơm rim tơdrong",Social,"Tăng_cường tình đoàn_kết các dân_tộc Việt_Nam trong tỉnh và cả nước , nâng cao ý_thức tôn_trọng , tương_trợ giúp nhau về mọi mặt"
91,"Trong những năm gần đây thời tiết diễn biến bất thường, thường xảy ra bão, lũ và hạn hán.","Lơ̆m lư sơnăm jê̆ ơ̆u plênh ơĭ tơdrong brư, dêch ơĭ lêch ami but weng tŏ phang",Social,"Trong những năm gần đây thời_tiết diễn_biến bất_thường , thường xảy ra bão , lũ và hạn_hán ."
92,Không biết mẹ đi đâu.,Bĭ alê̆ mĭ năm tơyơ.,Usual,Không biết mẹ đi đâu .
93,Ngày kia thím đi chợ bán củi.,Năr dơnuônh duch năm chơ̆ tĕch 'long ŭnh.,Usual,Ngày_kia thím đi chợ bán củi .
94,Lúc trước mới đan được một ngàn cái.,Jơnang adrol sơ̆ bok 'nau tanh đơ̆i minh abơ̆u tŏ.,Usual,Lúc trước mới đan được một_ngàn cái .
95,"Hàng năm, vào các ngày lễ, tết âm lịch, võ cổ truyền đã trở thành hoạt động không thể thiếu.","Rim sơnăm, tơmưt rim 'năr lê, tê̆t âm lich, pjo cô trŭn jơh đĕi ngŏ la tơdrong bĭ thê bĭ ơĭ",Social,"Hàng năm , vào các ngày lễ , tết_âm_lịch , võ cổ_truyền đã trở_thành hoạt_động không_thể thiếu ."
96,Điều kiện hỗ trợ: Hỗ trợ cho các làng nghề có không ít hơn 20% số cơ sở sản xuất thuộc ngành nghề được khuyến khích phát triển (gọi tắt là làng nghề được khuyến khích phát triển).,Điê̆u kiê̆n dơ gưm: dơ gưm ăn rim plĕi nghê ơ̆i bĭ 'bĭa loi 20% sô̆ kơ sơ pơm sa thuôk plĕi nghê đĕi khuyê̆n khich tơ 'yung (krao tăt 'nĕi plĕi nghê đĕi khuyê̆n khich tơ 'yung),Social,Điều_kiện hỗ_trợ : Hỗ_trợ cho các làng_nghề có không ít hơn 20% số cơ_sở sản_xuất thuộc ngành_nghề được khuyến_khích phát_triển ( gọi tắt là làng_nghề được khuyến_khích phát_triển ) .
97,"Đồng thời, xây dựng kế hoạch giảm nghèo với mục tiêu và giải pháp cụ thể, trong đó, tập trung tuyên truyền về mục đích, ý nghĩa, tầm quan trọng của công tác giảm nghèo bằng nhiều hình thức, nhằm nâng cao nhận thức của người dân trong công tác phát triển kinh tế, xóa đói giảm nghèo","Thoi noh, tơjung pơm glong pơnhroh tơjul dơnuh adrĭng rim tơdrong cu thê, lơm noh, anhôm pơtho khan rim muk đich, y nghia, tơdrong pơgloh đơng tơdrong tơjul dơnuh đơng lư tơdrong, sư pôk xuôn tơdrong băt ăn nă ma lơm tơdrong pơjing kinh tê, tuk bơngot dơnuh",Social,"Đồng_thời , xây_dựng kế_hoạch giảm nghèo với mục_tiêu và giải_pháp cụ_thể , trong đó , tập_trung tuyên_truyền về mục_đích , ý_nghĩa , tầm quan_trọng của công_tác giảm nghèo bằng nhiều hình_thức , nhằm nâng cao nhận_thức của người_dân trong công_tác phát_triển kinh_tế , xoá_đói_giảm_nghèo"
98,"Giá trị sản xuất thương mại - dịch vụ ước thực hiện 421.480 triệu đồng, đạt 42,6% kế hoạch, tăng 19,6% so với cùng kỳ","Giă tri choh jang thương mai jĭt vŭ ươc pơm 421 ty 480 triêu đông, đat 42.6% glong pơnhroh, kơjung 19,6% pơting adrĭng kung ky",Social,"Giá_trị sản_xuất thương mại - dịch vụ ước thực_hiện 421.480 triệu đồng , đạt 42,6% kế_hoạch , tăng 19,6% so với cùng kỳ"
99,"Hoàng hôn, tôi đang đi học lớp bốn ở trường làng.","Năr mưt, inh kung atung hok lơp puôn uĕi trương pơlĕi.",Usual,"Hoàng_hôn , tôi đang đi học lớp bốn ở trường làng ."
100,"Ở ngoài sân, anh Yôl đang nói chuyện với tám người lạ.","Uĕi măng cham, 'nhŏng Yôl atung 'bơ̆l adrĭng tơhngam 'nu bơngai bĭ alê̆.",Usual,"Ở ngoài sân , anh Yôl đang nói_chuyện với tám người lạ ."
101,"Làng Kon Trú, xã Vĩnh Kim Tổ chức điểm Ngày hội Đại đoàn kết toàn dân tộc năm 2019","Pơlĕi Kông Trŭ, sa Vinh Kim pơlĕi điêm 'năr hôi đai đoan kêt đĭ đăng nă ma kon kông sơnăm 2019",Social,"Làng Kon_Trú , xã Vĩnh_Kim_Tổ_chức điểm Ngày hội Đại_đoàn_kết toàn dân_tộc năm 2019"
102,Vấn đề dư luận xã hội quan tâm hoặc cần định hướng dư luận xã hội;,Tơdrong yư luân sa hôi ngŏ hnhĕi thoi wă đinh hương yư luân sa hôi;,Social,Vấn_đề dư_luận xã_hội quan_tâm hoặc cần định_hướng dư_luận xã_hội ;
103,"Ở ngoài sân, má Yôl đang nói chuyện với một ngàn người lạ.","Uĕi măng cham, mĭ Yôl atung 'bơ̆l adrĭng minh abơ̆u 'nu bơngai bĭ alê̆.",Social,"Ở ngoài sân , má Yôl đang nói_chuyện với một_ngàn người lạ ."
104,Ông Huỳnh Cao Nhất - Phó Giám đốc Sở Du lịch;,Bŏk Huynh Cao Nhât – Phŏ Giam đôk Sơ yu lich,Politics,Ông Huỳnh_Cao_Nhất - Phó Giám_đốc Sở Du_lịch ;
105,"Bên cạnh đó, các đoàn thể nhận ủy thác đã tích cực chỉ đạo tổ chức Hội cơ sở phối hợp chặt chẽ với Phòng giao dịch Ngân hàng CSXH cùng cấp thực hiện có hiệu quả những nội dung nhận ủy thác với Ngân hàng CSXH","Minh kơpah noh, rim đoan thê 'yŏk uy thac jơh pơjăng pơgơl tô chưc Hôi cơ sơ adrĭng kơjăp adrĭng Phong giao jit NHCSXH adrĭng kơp pơm ơĭ thu 'yŏk rim tơdrong 'yŏk uy thac adrĭng NHCSXH",Politics,"Bên cạnh đó , các đoàn_thể nhận uỷ_thác đã tích_cực chỉ_đạo tổ_chức Hội cơ_sở phối_hợp chặt_chẽ với Phòng giao_dịch Ngân_hàng CSXH cùng cấp thực_hiện có hiệu_quả những nội_dung nhận uỷ_thác với Ngân_hàng CSXH"
106,Chuyển đổi sản xuất lúa sang cây trồng cạn,Tơplih choh jang 'ba tơkan 'long pơtăm kơđeh 'năr,Social,Chuyển_đổi sản_xuất lúa sang cây_trồng cạn
107,"Việc làm đất kỹ lưỡng và kịp thời vụ chi phí có thể hơi cao, song tính toán lâu dài thực ra lại có hiệu quả cao vì giảm được công chăm sóc sau này đồng thời tạo điều kiện cho vườn điều sinh trưởng thuận lợi và sớm được thu hoạch.","Tơdrong pơm teh ky weng tơtam thơĭ vŭ jên ơĭ tơdrong khă lư, mălĕi tơ̆ng tĭnh đunh ơĭ thu 'yŏk dêh yua pơm tơjul đĕi kông tơme rong đưng rŏng ơĭ thoi 'noh pơm tơdrong ăn vươn điêu yăl arih alưng weng suôih đĕi thu 'yŏk",Science,"Việc_làm đất kỹ_lưỡng và kịp thời_vụ chi_phí có_thể hơi cao , song tính_toán lâu_dài thực_ra lại có hiệu_quả cao vì giảm được công chăm_sóc sau_này đồng_thời tạo điều_kiện cho vườn điều sinh_trưởng thuận_lợi và sớm được thu_hoạch ."
108,"Vì đánh nhau với trâu nhà khác đấy. Lần sau, con không được để trâu nhà đánh nhau với những con trâu khác đấy nhé!","Yuô hơ tuh tơ bơ̆l adrĭng kơpô hnam đe nai 'noh. Đưng rŏng 'nơ̆u, kon nĕ pă sư̆ kơpô hnam bơ̆n tuh kơpô hnam đe nai yơh!",Usual,"Vì đánh nhau với trâu nhà khác đấy . Lần sau , con không được để trâu nhà đánh nhau với những con trâu khác đấy nhé !"
109,"Cơ cấu kinh tế chuyển dịch theo hướng tích cực, tỷ trọng ngành nông- lâm- ngư nghiệp chiếm 59,9%; thương mại dịch vụ chiếm 39,7%; tiểu thủ công nghiệp chiếm 0,4%; thu nhập bình quân đầu người đạt 15,3 triệu đồng/người/năm; tỷ lệ hộ nghèo giảm bình quân hàng năm 5,2%","Kơ kơ̆u kinh tê tơplih 'boi tơdrong pơjăng, ty trong nganh nông – lâm – ngư – nghiêp 'yŏk 59,9%; thương mai jĭt vŭ 'yŏk 39,7%; tiêu thu kông nghiêp 'yŏk 0,4%; thu 'yŏk tĭnh jơnŭm kơl bơngai đat 15,3 triêu đông/minh anu/minh sơnăm; ty lê ŭnh hnam dơnuh tơjul tĭnh jơnŭm rim sơnăm 5,2%",Social,"Cơ_cấu kinh_tế chuyển_dịch theo hướng tích_cực , tỷ_trọng ngành nông - lâm - ngư_nghiệp chiếm 59,9% ; thương_mại dịch_vụ chiếm 39,7% ; tiểu_thủ_công_nghiệp chiếm 0,4% ; thu_nhập bình_quân đầu người đạt 15,3 triệu đồng / người / năm ; tỷ_lệ hộ nghèo giảm bình_quân hàng năm 5,2%"
110,"Trong thời gian qua, Phòng Nông nghiệp - PTNT huyện phối hợp UBND các xã, thị trấn chủ động triển khai công tác sản xuất nông nghiệp, kiểm tra, giám sát chất lượng vật tư nông nghiệp phục vụ sản xuất tại các cơ sở buôn bán, kinh doanh; kiểm tra khắc phục hư hỏng tại các hồ chứa nước và hệ thống kênh mương nội đồng, đảm bảo cung cấp nước tưới sản xuất nông nghiệp","Lơm jơnang anu yuô ơu, Phong nông nghiêp weng pơjing cham pơlĕi hŭn adrĭng UBND rim Sa, thi trân chu đông pơnhroh tơdrong choh jang nông nghiêp, ngo hnhĕi tơdrong thu 'yŏk đĕi vât tư nông nghiêp tơgum choh jang dơnŏ rim cơ sơ tech bơdro; ngo hnhĕi khăk phuk hư hong dơnŏ rim klong hmong đak weng hê thông trong mương lơm tơmăn, tơmăn tơl tơgum đak chruh choh jang nông nghiêp",Science,"Trong thời_gian qua , Phòng Nông_nghiệp - PTNT huyện phối_hợp UBND các xã , thị_trấn chủ_động triển_khai công_tác sản_xuất nông_nghiệp , kiểm_tra , giám_sát chất_lượng vật_tư nông_nghiệp phục_vụ sản_xuất tại các cơ_sở buôn_bán , kinh_doanh ; kiểm_tra khắc_phục hư_hỏng tại các hồ_chứa_nước và hệ_thống kênh_mương nội_đồng , đảm_bảo cung_cấp nước tưới sản_xuất nông_nghiệp"
111,"Mùa phát rẫy đã đến, hôm nay chú Ba đi xuống chợ mua thêm một bộ quần áo.","Jơh truh măng 'năr mưih mir, năr adrơ̆u ma 'Ba năm jul chơ̆ ruôt mĭnh bô̆ kuơ̆n au piêu.",Usual,"Mùa phát rẫy đã đến , hôm_nay chú Ba đi xuống chợ mua thêm một bộ quần_áo ."
112,Thế mà ông cũng không biết.,Dang 'noh 'bok kung bĭ alê̆.,Usual,Thế_mà ông cũng không biết .
113,"Chuẩn bị nội dung tuyên truyền trên các phương tiện thông tin đại chúng trước, trong và sau Liên hoan.","Chuân 'bi tơdrong pơtho khan lơ̆m rim phương tiên thông tin đai chŭng adrol, lơ̆m weng đưng rŏng Liên hoan",Social,"Chuẩn_bị nội_dung tuyên_truyền trên các phương_tiện thông_tin_đại_chúng trước , trong và sau Liên_hoan ."
114,(Chi tiết theo Phụ lục đính kèm),(Chi tiêt 'boi phu lŭk pơtêp adrĭng),Politics,( Chi_tiết theo Phụ_lục đính kèm )
115,"Tích cực tham gia xây dựng Đảng, chính quyền, xây dựng nông thôn mới; xây dựng khối Đại đoàn kết toàn dân tộc.","Pơjăng adrĭng pơm tơjung pơm Đang, khul pơgưl, tơjung pơm cham pơlĕi anao; tơjung pơm khôi đai đoan kêt đĭ đăng kon kông.",Politics,"Tích_cực tham_gia xây_dựng Đảng , chính_quyền , xây_dựng nông_thôn mới ; xây_dựng khối Đại_đoàn_kết toàn dân_tộc ."
116,Từng bước đưa hoạt động võ thuật vào trường học bằng các hình thức,Rim tơdrong ăn tơdrong vo thuât tơmưt trương hŏk đơ̆ng rim tơdrong,Social,Từng bước đưa hoạt_động võ_thuật vào trường_học bằng các hình_thức
117,Các nhiệm vụ chính,Rim tơdrong pơm chĭnh,Politics,Các nhiệm_vụ chính
118,"Ở ngoài sân, bà Yôl đang nói chuyện với mười người lạ.","Uĕi măng cham, yă Yôl atung 'bơ̆l adrĭng minh jĭt 'nu bơngai bĭ alê̆.",Usual,"Ở ngoài sân , bà Yôl đang nói_chuyện với mười người lạ ."
119,Điều kiện hỗ trợ: UBND các địa phương xây dựng kế hoạch sản xuất lúa lai trên diện tích đảm bảo nguồn nước tưới theo kế hoạch sản xuất hàng năm của địa phương;,Tơdrong tơgŭm: UBND rim cham pơlĕi pơm glong pơnhroh choh jang 'ba lai lơ̆m chđeh teh tơmăn tơl nguôn đak chruh 'boi glong pơnhroh choh jang rim sơnăm đơ̆ng cham pơlĕi,Politics,Điều_kiện hỗ_trợ : UBND các địa_phương xây_dựng kế_hoạch sản_xuất lúa lai trên diện_tích đảm_bảo nguồn nước tưới theo kế_hoạch sản_xuất hàng năm của địa_phương ;
120,"Phối hợp với Sở Nông nghiệp và Phát triển nông thôn kiểm tra việc tuân thủ các quy định về quản lý chất lượng vật tư nông nghiệp, nước sinh hoạt nông thôn và an toàn thực phẩm nông lâm thủy sản của các cơ sở sản xuất, kinh doanh trên địa bàn;","Adrĭng Sơ Nông nghiêp weng pơjing cham pơlĕi ngŏ hnhĕi tơdrong pơm trơ trŏ rim tơdrong lơ̆m ngŏ hnhĕi tơdrong thu 'yŏk đĕi vât tư nông nghiêp, đak sinh hoat cham pơlĕi weng an toan đô sa nông lâm thuy san đơ̆ng rim dơnŏ choh jang, têch bơdro lơ̆m tơring",Science,"Phối_hợp với Sở Nông_nghiệp và Phát_triển nông_thôn kiểm_tra việc tuân_thủ các quy_định về quản_lý chất_lượng vật_tư nông_nghiệp , nước sinh_hoạt nông_thôn và an_toàn thực_phẩm nông_lâm thuỷ_sản của các cơ_sở sản_xuất , kinh_doanh trên địa_bàn ;"
121,Hôm kỉa anh trai đi chợ bán củi.,Năr tơmĕt 'nhŏng năm chơ̆ tĕch 'long ŭnh.,Usual,Hôm kỉa anh_trai đi chợ bán củi .
122,"Ông Nguyễn Thúc Đĩnh, Phó Giám đốc Sở Kế hoạch và Đầu tư;","Bŏk Ngŭn Thŭk Đinh, Phŏ Giam đôk Sơ Kê̆ hoach weng Đâu tư",Politics,"Ông Nguyễn_Thúc_Đĩnh , Phó Giám_đốc Sở Kế_hoạch và Đầu_tư ;"
123,Căn cứ Quyết định số 4751/QĐ-BNN-TCLN ngày 11 tháng 12 năm 2019 của Bộ trưởng Bộ Nông nghiệp và Phát triển nông thôn về việc công bố thủ tục hành chính thay thế thuộc phạm vi chức năng quản lý của Bộ Nông nghiệp và Phát triển nông thôn;,Kăn kư Kŭ̆t đinh ksô puôn tơpơ̆h pơđăm minh/QĐ-BNN-TCLN 'năr minh jĭt minh khĕi minh jĭt 'băl sơnăm 'băl ơbơ̆u không hriêng minh jĭt tơxĭnh đơ̆ng 'Bô trương 'Bô Nông nghiêp weng pơjing cham pơlĕi lơ̆m tơdrong kông 'bô̆ thu tŭk hanh chĭnh tơplih uĕi lơ̆m kơbră tơdrong ngŏ hnhĕi đơ̆ng 'Bô Nông nghiêp weng pơjing cham pơlĕi.,Politics,Căn_cứ Quyết_định số 4751 / QĐ-BNN-TCLN ngày 11 tháng 12 năm 2019 của Bộ_trưởng Bộ Nông_nghiệp và Phát_triển nông_thôn về việc công_bố thủ_tục hành_chính thay_thế thuộc phạm_vi chức_năng quản_lý của Bộ Nông_nghiệp và Phát_triển nông_thôn ;
124,Sáng sớm bố đi chợ bán củi.,Bơgê sruôih 'bă năm chơ̆ tĕch 'long ŭnh.,Usual,Sáng sớm bố đi chợ bán củi .
125,"Xây dựng và chăm sóc vườn cây đầu dòng, rừng giống, vườn giống; sản xuất giống các cấp; bảo quản, chế biến hạt giống theo hướng công nghiệp;","Tơjung pơm weng tơme rong vươn 'long pơtơm yŏng, bri adrêch, vươn adrêch; choh jang adrêch rim kơ̆p; jư vĕi, chê̆ 'biê̆n gĕi adrêch 'boi tơdrong kông nghiêp",Science,"Xây_dựng và chăm_sóc vườn cây đầu dòng , rừng giống , vườn giống ; sản_xuất giống các cấp ; bảo_quản , chế_biến hạt_giống theo hướng công_nghiệp ;"
126,Mẹ đưa Yôl đến chỗ bán quần áo.,Mĭ 'bă Yôl truh tĕch kuơ̆n au.,Usual,Mẹ đưa Yôl đến chỗ bán quần_áo .
127,"Trong thời gian tới Huyện đoàn Vĩnh Thạnh tiếp tục phối hợp tốt với các cấp, ngành thực hiện tốt hoạt động dịch vụ, tư vấn, hỗ trợ thanh niên phát triển sản xuất","Lơ̆m jơnang truh, Hŭn đoan Vinh Thanh ling lang adrĭng rim kơ̆p, rim nganh pơm hơgĕi rim tơdrong jĭt vu, pơtho khan, tơgŭm đe adruh pơjing choh jang",Social,"Trong thời_gian tới Huyện_đoàn Vĩnh_Thạnh tiếp_tục phối_hợp tốt với các cấp , ngành thực_hiện tốt hoạt_động dịch_vụ , tư_vấn , hỗ_trợ thanh_niên phát_triển sản_xuất"
128,"Phản ánh tình cảm của cán bộ, đảng viên và nhân dân trong tỉnh, người Bình Định ở ngoài tỉnh đối với kết quả đại hội đảng bộ các cấp trong tỉnh; các hoạt động chào mừng thành công của Đại hội XX Đảng bộ tỉnh.","Pơtho khan nưih sơngưm đơng kang bô, đang viên weng kon tơring lơm tinh, bơngai Binh đinh uĕi ơgah tinh adrĭng thu 'yŏk đai hôi đang bô rim kơp lơm tinh, rim tơdrong pơm chao mưng keh kong đơng Đai hôi XX đang bô tinh.",Social,"Phản_ánh tình_cảm của cán_bộ , đảng_viên và nhân_dân trong tỉnh , người Bình_Định ở ngoài tỉnh đối_với kết_quả đại_hội đảng_bộ các cấp trong tỉnh ; các hoạt_động chào_mừng thành_công của Đại_hội XX Đảng_bộ tỉnh ."
129,Min Địch kể lại đầu đuôi câu chuyện.,Min Dich roi đĭ tơdrong.,Usual,Min_Địch kể lại đầu_đuôi câu_chuyện .
130,Buổi chiều mới đan được 1000 cái.,Jơnang kơsơ̆ bok 'nau tanh đơ̆i 1000 tŏ.,Usual,Buổi chiều mới đan được 1000 cái .
131,Hôm qua bà đan được 5 cái.,Năr abri yă tanh đơ̆i 5 tŏ dơnol.,Usual,Hôm_qua bà đan được 5 cái .
132,Thu hút đông đảo các tầng lớp nhân dân tham gia,Krao lư lang rim tâng lơp kon tơring adrĭng pơm,Social,Thu_hút đông_đảo các tầng_lớp nhân_dân tham_gia
133,"Kỹ thuật trồng: Khi mưa ổn định, đem cây con đã đủ tiêu chuẩn xuất vườn ra trồng.  Đối với đất xám hàm lượng sét cao, thoát nước kém phải vun đất đắp gốc để nước không đọng trong hố trồng sau những cơn mưa lớn.","Kơ kach pơtăm: Jơnang ami ôn đinh, chêp 'long kon jơh duh tơdrong lêch vươn năm pơtăm. Adrĭng teh xam ham lương kơtă lư, thoat đak khê phai khơl teh 'bŭ tơm sư đak bĭ tưng lơ̆m trôm pơtăm đưng rŏng rim măng ami grông",Science,"Kỹ_thuật trồng : Khi mưa ổn_định , đem cây con đã đủ tiêu_chuẩn xuất vườn ra trồng . Đối_với đất xám hàm_lượng sét cao , thoát nước kém phải vun đất đắp gốc để nước không đọng trong hố trồng sau những cơn mưa lớn ."
134,Địa phương đã triển khai xây dựng được 30 công trình thiết yếu phục vụ sản xuất và đời sống dân sinh với tổng kinh phí xây dựng trên 20 tỷ đồng,Cham pơlĕi jơh pơnhroh pơm đĕi 30 kông trinh pơgloh tơgum choh jang weng tơdrong yăl arih adrĭng pơting ksô jên loi 20 ty đông,Social,Địa_phương đã triển_khai xây_dựng được 30 công_trình thiết_yếu phục_vụ sản_xuất và đời_sống dân_sinh với tổng kinh_phí xây_dựng trên 20 tỷ đồng
135,"Bà Hồ Thị Phi Yến, Trưởng phòng Phòng Giáo dục Tiểu học - Mầm non, Sở Giáo dục - Đào tạo;","Yă Hô Thi Phi Yê̆n, Trương phong Phong Giăo 'yŭk Tiêu hŏk – Mâm non, Sơ Giăo 'yŭk – Đao tao",Education,"Bà Hồ Thị_Phi Yến , Trưởng phòng Phòng Giáo_dục Tiểu_học - Mầm_non , Sở Giáo_dục - Đào_tạo ;"
136,"Đánh giá lợi thế, dự báo tiềm năng phát triển cây trồng, vật nuôi và các sản phăm đặc sản","Pơtho khan lơĭ thê̆, pơtho khan tiêm năng pơjing 'long pơtăm, xem rong weng rim san phâm đăk san",Science,"Đánh_giá lợi_thế , dự_báo tiềm_năng phát_triển cây_trồng , vật_nuôi và các sản phăm đặc_sản"
137,Tổng kinh phí xây dựng gần 200 triệu đồng,Pơting ksô jên pơm jê̆ 200 triêu đông,Social,Tổng kinh_phí xây_dựng gần 200 triệu đồng
138,"Ông Nguyễn Xuân Trang, Phó Chánh Văn phòng Phụ trách, Văn phòng Sở Giáo dục và Đào tạo","Bok Nguyên Xuân Trang, Phŏ chănh văn phong ngŏ hnhĕi, Văn phong Sơ Yao yuk weng Đao tao",Education,"Ông Nguyễn_Xuân_Trang , Phó Chánh Văn_phòng Phụ_trách , Văn_phòng Sở Giáo_dục và Đào_tạo"
139,"Theo UBND xã Vĩnh Thịnh, thực hiện Kế hoạch sản xuất vụ Hè Thu năm 2020, trong đó vụ Hè 84 ha; vụ Thu 193,5ha. Đối với cây lúa vụ Hè, đến nay bà con nông dân xã Vĩnh Thịnh đã xuống giống đạt 100% so kế hoạch","Boi UBND sa Vinh Thinh, pơm gglong pơnhroh choh jang vu He thu sơnăm 2020, lơm noh vu He 84 ha; vu Thu 193,5 ha. Adring long ba vu He, truh ahrĕi nă ma sa Vinh Thinh jơh jul adrêch đat 100% pơting adrĭng glong pơnhroh",Science,"Theo UBND xã Vĩnh_Thịnh , thực_hiện Kế_hoạch sản_xuất vụ Hè_Thu năm 2020 , trong đó vụ Hè 84 ha ; vụ Thu 193,5 ha . Đối_với cây lúa vụ Hè , đến nay bà_con nông_dân xã Vĩnh_Thịnh đã xuống_giống đạt 100% so kế_hoạch"
140,Ông đang đan một trăm cái nữa.,Bok atung wă tanh minh hriêng tŏ piêu.,Usual,Ông đang đan một trăm cái nữa .
141,Lúc đó mới đan được hai cái.,Jơnang 'noh bok 'nau tanh đơ̆i 'bal tŏ.,Usual,Lúc đó mới đan được hai cái .
142,"Xây dựng kế hoạch, chương trình công tác ngắn hạn, dài hạn về các mặt hoạt động phù hợp với chức năng, nhiệm vụ của đơn vị","Pơ jing kê̆ hoach, chương trinh kông tac kơ đeh năr, đuô̆i năr lơm rim măt hoat đô̆ng phu hơp adrĭng chưk năng, nhiê̆m vŭ dĭ đơn vĭ",Social,"Xây_dựng kế_hoạch , chương_trình công_tác ngắn_hạn , dài_hạn về các mặt hoạt_động phù_hợp với chức_năng , nhiệm_vụ của đơn_vị"
143,"Đây là dịp để các nghệ nhân chia sẻ, trao đổi kinh nghiệm trong việc phục hồi, truyền dạy, phát huy nghệ thuật cồng chiêng đặc sắc của dân tộc mình; tạo không khí vui tươi đoàn kết","Anu kung la măng sư rim nghê nhân asong, trao đôi kinh nghiêm lơ̆m tơdrong phŭk hôi, pơtơ̆p, pơjing tơdrong ching phông đơ̆ng kon kông bơ̆n, pơm tơdrong đoan kêt alưng liêm",Social,"Đây là dịp để các nghệ_nhân chia_sẻ , trao_đổi kinh_nghiệm trong việc phục_hồi , truyền dạy , phát_huy nghệ_thuật cồng_chiêng đặc_sắc của dân_tộc mình ; tạo không_khí vui_tươi đoàn_kết"
144,"Hàng năm tổng kết đánh giá kết quả thực hiện đề án, trên cơ sở đó có giải pháp điều chỉnh kịp thời những vấn đề chưa phù hợp thực tiễn sản xuất để đề án đạt hiệu quả cao.","Rim sơnăm tông kê̆t pơtho khan thu 'yŏk pơm đê an, lơ̆m tơdrong 'noh ơĭ tơdrong tơplih tơtam rim tơdrong đim trơ trŏ tơdrong choh jang sư đê an đat thu 'yŏk dêh",Science,"Hàng năm tổng_kết đánh_giá kết_quả thực_hiện đề_án , trên cơ_sở đó có giải_pháp điều_chỉnh kịp_thời những vấn_đề chưa phù_hợp thực_tiễn sản_xuất để đề_án đạt hiệu_quả cao ."
145,Khi cấy giống cần chuẩn bị,jơ nang wă pơtăm bơ̆n phai choro adrol minh sô đô.,Science,Khi cấy giống cần chuẩn_bị
146,"Hôm sau, bầy con ngựa vào rẫy ăn sắn.","Năr đưng rŏng, tơpul aseh mưt mir sa 'bum.",Usual,"Hôm sau , bầy con ngựa vào rẫy ăn sắn ."
147,"Phổ cập bơi và các kiến thức, kỹ năng phòng, chống đuối nước; có biện pháp bảo vệ, cảnh báo những nơi có ao, hồ, giếng nước, bể nước hoặc những nơi có nước sâu","Pơtơ̆p klơĭ weng rim tơdrong băt, kơ kach phong dơt pŭk đak, ơĭ tơdrong jư vĕi, pơtho khan rim dơnŏ ơĭ klŏng, 'bău, jĭÊng đak, bê đak thoi rim dơnŏ ơĭ đak jơrŭ",Social,"Phổ_cập bơi và các kiến_thức , kỹ_năng phòng , chống đuối nước ; có biện_pháp bảo_vệ , cảnh_báo những nơi có ao , hồ , giếng nước , bể nước hoặc những nơi có nước sâu"
148,"Điều 2. Ban chỉ đạo có nhiệm vụ tham mưu giúp UBND tỉnh chỉ đạo các huyện, thành phố, các sở, ngành, đoàn thể có liên quan","Điêu 'băl. Khul pơgơl ơĭ tơdrong pơđam 'bơl đon tơgŭm UBND tinh pơgơl rim hŭn, thi Sa, thanh phô̆, rim sơ, nganh, đoan thê ơĭ liên kuan",Politics,"Điều 2 . Ban chỉ_đạo có nhiệm_vụ tham_mưu giúp UBND tỉnh chỉ_đạo các huyện , thành_phố , các sở , ngành , đoàn_thể có liên_quan"
149,"Chúng thi nhau nhảy nhót, nghiêng nghiêng, ngó ngó, chuyền hết cành này sang cành khác xem chừng vui sướng lắm.","Kăn sưh sơhmanh tơpĕnh tơpol asĕng asĕng, kleng kleng sơgiêng 'long nơ̆u apoh sơgiêng 'long nai, chro hyôk hiăn tơpă.",Usual,"Chúng thi nhau nhảy_nhót , nghiêng_nghiêng , ngó ngó , chuyền hết cành này sang cành khác xem_chừng vui_sướng lắm ."
150,Phát biểu khai mạc liên hoan của Chủ tịch UBND tỉnh.,Phat 'biêu khai mac liên hoan đơ̆ng Chu tich UBND tinh,Politics,Phát_biểu khai_mạc liên_hoan của Chủ_tịch UBND tỉnh .
151,"Đặc biệt, việc phát động các phong trào khu dân cư tự quản về môi trường, khu dân cư phòng chống tội phạm gắn với trật tự an toàn giao thông, xây dựng nông thôn mới… được hầu hết người dân tích cực hưởng ứng và đạt hiệu quả cao. Phấn đấu đến cuối năm 2020, toàn huyện có 69,5% tỷ lệ thôn, làng được công nhận danh hiệu văn hóa","Pơgloh tơdrong phat đông rim trong glong apung nă ma kơdih ngo hnhĕi lơm môi trươgn, apung nă ma phong dơt bơngai pơm glăi pơtep adrong trât tư an toan trong năm, tơjung pơm cham pơlĕi anao… đĕi wă đi nă ma pơjăng hương ưng weng đat thu 'yŏk dêh. Pran truh atuch sơnăm 2020, lơm hŭn ơĭ 69,5% ty lê thôn, pơlĕi đĕi công nhân danh hiêu văn hoa",Politics,"Đặc_biệt , việc phát_động các phong_trào khu dân_cư tự_quản về môi_trường , khu dân_cư phòng_chống tội_phạm gắn với trật_tự an_toàn giao_thông , xây_dựng nông_thôn mới … được hầu_hết người_dân tích_cực hưởng_ứng và đạt hiệu_quả cao . Phấn_đấu đến cuối năm 2020 , toàn huyện có 69,5% tỷ_lệ thôn , làng được công_nhận danh_hiệu văn_hoá"
152,"Hiện nay, toàn huyện có 26 cơ sở giáo dục phân bố đều ở các xã, thị trấn, phục vụ tốt nhu cầu học tập cho trẻ trong độ tuổi đến trường","Ahrĕi, lơ̆m hŭn ơĭ 26 cơ sơ giao duc uĕi rim Sa, thi trân, tơgŭm hơgĕi tơdrong hŏk tơ̆p ăn đe hơ'yoh lơ̆m kơbră truh trương",Education,"Hiện_nay , toàn huyện có 26 cơ_sở giáo_dục phân_bố đều ở các xã , thị_trấn , phục_vụ tốt nhu_cầu học_tập cho trẻ trong độ tuổi đến_trường"
153,Ngày hôm nay mới đan được một trăm cái.,Năr adrơ̆u bok 'nau tanh đơ̆i minh hriêng tŏ.,Usual,Ngày hôm_nay mới đan được một trăm cái .
154,Bạo lực tình dục với phụ nữ và trẻ em gái là tội ác,Băo lưk tinh yuk adrĭng kon dyŏng xưm đe hyoh kon dyŏng 'nĕi drong ac,Social,Bạo_lực tình_dục với phụ_nữ và trẻ_em gái là tội_ác
155,Nguồn vốn đầu tư và tiến độ giải ngân,Nguôn jên tơgŭm weng tơdrong giai ngân,Social,Nguồn vốn đầu_tư và tiến_độ giải_ngân
156,Ngày mai mới đan được 3 cái.,Năr dơning bok 'nau tanh đơ̆i 3 tŏ.,Usual,Ngày_mai mới đan được 3 cái .
157,Đẩy nhanh thực hiện chủ trương chuyển đổi mô hình tổ chức các Trung tâm giống của tỉnh thành doanh nghiệp.,Jơră ranh pơm tơdrong tơplih mô hinh tô chưk rim Trung tâm adrêch đơ̆ng tinh tơkan yoanh nghiêp,Politics,Đẩy nhanh thực_hiện chủ_trương chuyển_đổi mô_hình tổ_chức các Trung_tâm giống của tỉnh_thành doanh_nghiệp .
158,"Ở ngoài sân, mẹ Yôl đang nói chuyện với một trăm người lạ.","Uĕi măng cham, mĭ Yôl atung 'bơ̆l adrĭng minh hriêng 'nu bơngai bĭ alê̆.",Usual,"Ở ngoài sân , mẹ Yôl đang nói_chuyện với một trăm người lạ ."
159,Phần 3: Võ cổ truyền - Hội tụ và phát triển.,Phân pêng: vo cô trŭn – Hôi tu weng pơjing,Social,Phần 3 : Võ cổ_truyền - Hội_tụ và phát_triển .
160,"Xây dựng lực lượng dân quân tự vệ, dự bị động viên vững mạnh, tiềm lực khu vực phòng thủ được củng cố, tăng cường; trình độ sẵn sàng chiến đấu, huấn luyện của LLVT huyện được nâng lên","Tơjung pơm lưk lương dân quân tư vê, dư bi đông viên kơjăp dêh, tơdrong apung phong thu đĕi cung cô, kơjung; trinh đô gô đêch tơplah, huân luyên đơ̆ng lưk lương tư vê hŭn đĕi pôk xuôn",Social,"Xây_dựng lực_lượng dân_quân_tự_vệ , dự_bị động_viên vững_mạnh , tiềm_lực khu_vực phòng_thủ được củng_cố , tăng_cường ; trình_độ sẵn_sàng chiến_đấu , huấn_luyện của LLVT huyện được nâng lên"
161,Nhu cầu vồn đầu tư,Tơdrong wă jên tơgŭm,Social,Nhu_cầu vồn đầu_tư
162,Tổ chức tập huấn nâng cao năng lực cho cán bộ làm công tác PCTT và TKCN các cấp.,Pơlŏk pơtho khan pôk xuôn tơdrong băt ăn kang 'bô pơm tơdrong phong dơ̆t thiên tai weng chă kưu nan rim kơ̆p.,Social,Tổ_chức tập_huấn nâng cao năng_lực cho cán_bộ làm công_tác PCTT và TKCN các cấp .
163,"Theo Quyết định số 2164/QĐ-UBND ngày 19 tháng 6 năm 2017, Quyết định số 1791/QĐ-UBND ngày 29 tháng 5 năm 2018 của Chủ tịch Ủy ban nhân tỉnh Bình Định (Phụ lục 02 kèm theo).","Boi Kŭ̆t đinh ksô 'băl minh drơ̆u puôn/QĐ-UBND 'năr minh jĭt tơxĭnh khĕi drơ̆u sơnăm 'băl ơbơ̆u không hriêng minh jĭt tơpơ̆h, Kŭ̆t đinh ksô minh tơpơ̆h tơxĭnh minh/QĐ-UBND 'năr 'băl jĭt tơxĭnh khĕi pơđăm sơnăm 'băl ơbơ̆u không hriêng minh jĭt tơhngam đơ̆ng chu tich UBND tinh 'Binh Đinh (Phu lŭk 'băl pơtêp adrĭng)",Politics,"Theo Quyết_định số 2164 / QĐ-UBND ngày 19 tháng 6 năm 2017 , Quyết_định số 1791 / QĐ-UBND ngày 29 tháng 5 năm 2018 của Chủ_tịch Uỷ_ban nhân tỉnh Bình_Định ( Phụ_lục 02 kèm theo ) ."
164,"Đặc biệt, đồng chí yêu cầu, nhắc nhở chính quyền địa phương và người dân cần tăng cường, nâng cao tinh thần phòng chống dịch bệnh Covid-19 đang diễn biến phức tạp hiện nay","Pơgloh, đ/c pơtho khan khul pơgơl cham pơlĕi weng nă ma wă kơjung pôk xuôn nưih sơngưm phong dơt jit jĭ Coví – 19 atung boh lech phưk tap in ahrĕi",Social,"Đặc_biệt , đồng_chí yêu_cầu , nhắc_nhở chính_quyền địa_phương và người_dân cần tăng_cường , nâng cao tinh_thần phòng_chống dịch_bệnh Covid-19 đang diễn_biến phức_tạp hiện_nay"
165,"Phân công, phân cấp nhiệm vụ thanh tra, kiểm tra, giám sát các cơ sở sản xuất, kinh doanh nông lâm thủy sản đảm bảo an toàn thực phẩm (kèm theo Phụ lục 3);","Phân kông, phân kơ̆p tơdrong ngŏ hnhĕi rim dơnŏ choh jang, têch bơdro nông lâm thuy san tơmăn tơl an toan đô sa (pơtêp adrĭng phu lŭk pêng)",Social,"Phân_công , phân_cấp nhiệm_vụ thanh_tra , kiểm_tra , giám_sát các cơ_sở sản_xuất , kinh_doanh nông_lâm thuỷ_sản đảm_bảo an_toàn thực_phẩm ( kèm theo Phụ_lục 3 ) ;"
166,"Về xây dựng, quản lý, khai thác Tủ sách pháp luật trên địa bàn tỉnh Bình Định gắn với thực hiện Đề án ""Tăng cường ứng dụng công nghệ thông tin trong công tác PBGDPL giai đoạn 2019 - 2021""","Lơ̆m tơjung pơm, ngŏ hnhĕi, khai thac Tu sach phap luât lơ̆m tơring tinh 'Binh Đinh pơtêp adrĭng pơm Đê an ""Kjung tơjung pơm kông nghê thông tin lơ̆m tơdrong pơtho khan giăo yŭk phap luât jơnang 'băl ơbơ̆u không hriêng minh jĭt tơxĭnh – 'băl ơbơ̆u không hriêng 'băl jĭt""",Science,"Về xây_dựng , quản_lý , khai_thác Tủ_sách pháp_luật trên địa_bàn tỉnh Bình_Định gắn với thực_hiện Đề_án "" Tăng_cường ứng_dụng công_nghệ_thông_tin trong công_tác PBGDPL giai_đoạn 2019 - 2021 """
167,"Buổi sáng, Yôl cùng bác sang thăm.","Bơgê adrơ̆u, Yôl adrĭng mih năm tơmang.",Usual,"Buổi sáng , Yôl cùng bác sang thăm ."
168,Để đạt được kết quả như vậy,Sư đat đĕi thu 'yŏk in 'noh,Science,Để đạt được kết_quả như_vậy
169,"Chủ tàu cá sau khi kết thúc chuyến biển, hoàn thành việc mua bảo hiểm thân tàu, mua bảo hiểm thuyền viên, mua máy thông tin liên lạc tầm xa sóng HF tầm xa, có tích hợp thiết bị định vị vệ tinh (GPS);","Chu tau ka đưng rŏng atŭch măng năm đak tơsĭ, keh kong tơdrong ruôt 'bao hiêm ơkơ̆u tau, ruôt 'bao hiêm thŭn viên, ruôt măy thông tin liên lak tâm sŏng HF tơdrong hlŏ, ơĭ tĭch hơ̆p thiêt 'bi đinh vi vê tinh (GPS);",Science,"Chủ tàu cá sau khi kết_thúc chuyến biển , hoàn_thành việc mua bảo_hiểm thân tàu , mua bảo_hiểm thuyền_viên , mua máy thông_tin liên_lạc tầm xa sóng HF tầm xa , có tích_hợp thiết_bị định_vị vệ_tinh ( GPS ) ;"
170,"Tổ kiểm soát dịch bệnh liên ngành xã Vĩnh Hòa đặt tại chốt thôn Tiên An, có nhiệm vụ kiểm tra, thu thập tình hình dân di biến động; các trường hợp đi, đến, ở, đi ngang qua các huyện, tỉnh, nước ngoài về lại tại địa phương và tạm thời kiểm soát, ngăn chặn xâm nhập bệnh, hạn chế tối đa sự lây lan của dịch Covid-19 vào địa bàn huyện Vĩnh Thạnh","Tô ngo hnhĕi jit jĭ liên nganh sa Vinh Hoa pơm chôt dơnŏ thôn Tiên An, ơĭ tơdrong ngo hnhĕi, rôp băt tơdrong nă ma ơĭ tơplih, rim trương hơp năm, truh, uĕi, năm qua rim hŭn, tinh, đak ngoai sưt lơm cham pơlĕi weng tam thơĭ ngo hnhĕi, gơn jit tơmưt cham pơlĕi, tơjul pơgloh tơdrong apoh đơng jit Covid-19 tơmưt tơring hŭn Vinh Thanh",Social,"Tổ kiểm_soát dịch_bệnh liên_ngành xã Vĩnh_Hoà đặt tại chốt thôn Tiên_An , có nhiệm_vụ kiểm_tra , thu_thập tình_hình dân di biến_động ; các trường_hợp đi , đến , ở , đi ngang qua các huyện , tỉnh , nước_ngoài về lại tại địa_phương và tạm_thời kiểm_soát , ngăn_chặn xâm_nhập bệnh , hạn_chế tối_đa sự lây_lan của dịch Covid-19 vào địa_bàn huyện Vĩnh_Thạnh"
171,Tám cái này để đựng thóc và bắp.,Tơhngam tŏ mă 'nău sư̆ mong 'ba weng hơ'bo.,Usual,Tám cái này để đựng thóc và bắp .
172,À con nhớ phải học bài đấy nhé!,Kon 'blŏk phai hok 'bai yơh!,Usual,À con nhớ phải học bài đấy nhé !
173,"Qua bình xét cuối năm, có 288 hộ nông dân đạt danh hiệu nông dân sản xuất kinh doanh giỏi các cấp, đạt 115% kế hoạch (Trong đó cấp trung ương 03 hộ; cấp tỉnh 16 hộ; cấp huyện 106 hộ và cấp cơ sở 163 hộ)","Qua binh xet atuch sơnăm, ơĭ 288 unh hnam nă ma đat danh hiêu nă ma choh jang tech bơdro hơgĕi rim kơp, đat 115% glong pơnhroh. Lơm noh kơp Trung ương 03 unh hnam; kơp tinh 16 unh hnam; kơp hŭn 106 unh hnam weng kơp cơ sơ 163 unh hnam",Social,"Qua bình_xét cuối năm , có 288 hộ nông_dân đạt danh_hiệu nông_dân sản_xuất kinh_doanh giỏi các cấp , đạt 115% kế_hoạch ( Trong đó cấp trung_ương 03 hộ ; cấp tỉnh 16 hộ ; cấp huyện 106 hộ và cấp cơ_sở 163 hộ )"
174,Mẹ đang đan 7 cái nữa.,Mĭ atung wă tanh 7 tŏ piêu.,Usual,Mẹ đang đan 7 cái nữa .
175,"Điều 1. Ban hành kèm theo Quyết định này Kế hoạch thực hiện Chương trình hành động số 22-Tr/TU ngày 29/7/2019 của Tỉnh ủy thực hiện Nghị quyết số 36-NQ/TW ngày 22/10/2018 của Ban Chấp hành Trung ương Đảng (Khóa XII) về Chiến lược phát triển bền vững kinh tế biển Việt Nam đến năm 2030, tầm nhìn đến năm 2045.","Điêu minh. AÊn lêch pơtêp adrĭng Kŭ̆t đinh anu glong pơnhroh pơm tơdrong pơm ksô 'băl jĭt 'băl-CTr/TU 'năr 'băl jĭt tơxĭnh khĕi tơpơ̆h sơnăm 'băl ơbơ̆u không hriêng minh jĭt tơxĭnh đơ̆ng Tinh uy pơm Nghĭ kŭ̆t ksô pêng jĭt drơ̆u-NQ/TW 'năr 'băl jĭt 'băl khĕi minh jĭt sơnăm 'băl ơbơ̆u không hriêng minh jĭt tơhngam đơ̆ng 'Ban chơ̆p hanh Trung ương Đang (khŏa minh jĭt 'băl) lơ̆m tơdrong pơjing kơjăp kinh tê̆ đak tơsĭ Viêt Nam truh sơnăm 'băl ơbơ̆u không hriêng pêng jĭt, trong ngŏ truh sơnăm 'băl ơbơ̆u không hriêng puôn jĭt pơđăm",Politics,"Điều 1 . Ban_hành kèm theo Quyết_định này Kế_hoạch thực_hiện Chương_trình hành_động số 22 - Tr / TU ngày 29/7/2019 của Tỉnh_uỷ thực_hiện Nghị_quyết số 36 - NQ / TW ngày 22/10/2018 của Ban_Chấp_hành Trung_ương Đảng ( Khoá_XII ) về Chiến_lược phát_triển bền_vững kinh_tế biển Việt_Nam đến năm 2030 , tầm nhìn đến năm 2045 ."
176,"Ngày kia, Yôl thường thả gà ở bãi có gần hồ, rồi đi lấy củi.","Năr dơnuônh, Yôl tơ'nglaih 'yer lơ̆m tơmăn 'nhăt jê̆ 'bău, đưng rŏng 'noh, năm 'yŏk 'long ŭnh.",Usual,"Ngày_kia , Yôl thường thả gà ở bãi có gần hồ , rồi đi lấy củi ."
177,Tám bạn khác thích làm phi công.,Tơhngam 'nu bơngai nai 'moih pơm phi kông.,Usual,Tám bạn khác thích làm phi_công .
178,Hôm kìa mới đan được bảy cái.,Năr tơman bok 'nau tanh đơ̆i tơpơh tŏ.,Usual,Hôm_kìa mới đan được bảy cái .
179,"Đối với các cơ sở đào tạo trong khuôn viên còn quỹ đất, phù hợp với quy hoạch thì Ủy ban nhân dân tỉnh",Adrĭng rim dơnŏ pơtơ̆p lơ̆m khuôn viên ară quy teh trơ trŏ adrĭng quy hoach thoi UBND tinh,Politics,"Đối_với các cơ_sở đào_tạo trong khuôn_viên còn quỹ đất , phù_hợp với quy_hoạch thì Uỷ_ban_nhân_dân tỉnh"
180,"Xế trưa, tôi đang đi học lớp bốn ở trường làng.","Năr jrang, inh kung atung hok lơp puôn uĕi trương pơlĕi.",Usual,"Xế trưa , tôi đang đi học lớp bốn ở trường làng ."
181,Sáng sớm chú đi chợ bán củi.,Bơgê sruôih ma năm chơ̆ tĕch 'long ŭnh.,Usual,Sáng sớm chú đi chợ bán củi .
182,"Tiểu sử và hình ảnh của các võ sư, võ nhân tiêu biểu của tỉnh","Tiêu sư weng hinh anh đơ̆ng rim vo sư, vo nhân pơgloh đơ̆ng tinh",Social,"Tiểu_sử và hình_ảnh của các võ_sư , võ nhân tiêu_biểu của tỉnh"
183,Ngày hôm nay mới đan được mười cái.,Năr adrơ̆u bok 'nau tanh đơ̆i minh jĭt tŏ.,Usual,Ngày hôm_nay mới đan được mười cái .
184,Làng có khoảng trên 3 mươi gia đình người Kinh.,Pơlĕi ơĭ loi 3 jĭt ŭnh hnam bơngai Kinh.,Social,Làng có khoảng trên 3 mươi gia_đình người Kinh .
185,Dượng cứ nghỉ ở nhà cho khỏe.,Bă 'băn kư bodơĭ uĕi hăn hnam ăn breh grăng.,Usual,Dượng cứ nghỉ ở nhà cho khoẻ .
186,"Hạn chế sử dụng túi nilon khi đi chợ và trong sinh hoạt hàng ngày; thay đổi thói quen của người dân trong việc thường xuyên sử dụng túi nilon để đựng đồ ăn, đồ sinh hoạt, sử dụng giỏ xách nhựa khi đi chợ, thực hiện phân loại rác thải, vận động chị em phụ nữ tham gia giữ gìn vệ môi trường","Tơjul chă yuô đô nilon jơnang năm chơ weng lơ̆m sinh hoat rim 'năr; tơplih tơdrong đơ̆ng nă ma lơ̆m tơdrong dach chă yuô đô nilon sư đô sa, đô sinh hoat, chă yuô gio xach nhưa jơnang năm chơ, pơm phân loai rac, krao akŏm mai oh adrĭng pơm jư vĕi môi trương",Science,"Hạn_chế sử_dụng túi nilon khi đi chợ và trong sinh_hoạt hàng ngày ; thay_đổi thói_quen của người_dân trong việc thường_xuyên sử_dụng túi nilon để đựng đồ_ăn , đồ sinh_hoạt , sử_dụng giỏ xách nhựa khi đi chợ , thực_hiện phân_loại rác_thải , vận_động chị_em phụ_nữ tham_gia giữ_gìn_vệ môi_trường"
187,Hỗ trợ tối đa 3 vụ thực hiện chuyển đổi sản xuất cây trồng cạn trên cùng một diện tích trong suốt thời gian thực hiện chính sách (từ năm 2016 - 2020).,Tơgŭm pơgloh pêng vŭ pơm chŭn đôi choh jang 'long pơtăm kơđeh 'năr lơ̆m adrĭng minh chđeh teh lơ̆m đĭ jơnang pơm chĭnh sach (đơ̆ng sơnăm 'băl ơbơ̆u không hriêng minh jĭt drơ̆u truh sơnăm 'băl ơbơ̆u không hriêng 'băl jĭt),Social,Hỗ_trợ tối_đa 3 vụ thực_hiện chuyển_đổi sản_xuất cây_trồng cạn trên cùng một diện_tích trong suốt thời_gian thực_hiện chính_sách ( từ năm 2016 - 2020 ) .
188,"Các đơn vị được phép tổ chức thu phí tham quan danh lam thắng cảnh, di tích lịch sử, công trình văn hóa có trách nhiệm xây dựng đề án tổ chức thu","Rim đơn vi đĕi phêp pơlĕi thu jên tham quan yanh lam thăng kanh, yi tich lich sư, kông trinh văn hoa ơĭ trach nhiêm tơjung pơm đê an pơlĕi thu",Social,"Các đơn_vị được phép tổ_chức thu phí tham_quan danh_lam_thắng_cảnh , di_tích lịch_sử , công_trình văn_hoá có trách_nhiệm xây_dựng đề_án tổ_chức thu"
189,Rà soát kết quả thực hiện các kiến nghị của trẻ em tại kỳ họp Hội đồng trẻ em trước.,Ra soat thu 'yŏk pơm rim tơdrong khan đơ̆ng đe hơ-yoh lơ̆m măng hŏp Hôi đông đe hơ-yoh adrol,Social,Rà_soát kết_quả thực_hiện các kiến_nghị của trẻ_em tại kỳ họp Hội_đồng trẻ_em trước .
190,"Ở làng Kon Đruch, bố của Yôl là người già nhất.","Uĕi pơlĕi Kon Druch, 'bă đe Yôl la bơngai kră loi đe nai.",Usual,"Ở làng Kon_Đruch , bố của Yôl là người già nhất ."
191,"Bao quả nho: Việc bao quả nho rất quan trọng nhằm hạn chế côn trùng và sâu, bệnh hại quả nho, làm đẹp mã quả, hạn chế rám quả.","Jư vĕi nho: Tơdrong jư vĕi nho la pơgloh sư pơm tơjul kôn trung weng jơrông, jĭ pơm glăi plĕi nho, pơm liêm ma plĕi, tơjul ram plĕi",Science,"Bao quả nho : Việc bao quả nho rất quan_trọng nhằm hạn_chế côn_trùng và sâu , bệnh hại quả nho , làm_đẹp mã quả , hạn_chế rám quả ."
192,Ngành Giáo dục và Đào tạo tạo điều kiện về thời gian đối với trẻ em tham gia Hội đồng trẻ em để các em tham gia tốt vào các hoạt động của Hội đồng.,Nganh Giăo 'yŭk weng Đao tao pơm tơdrong lơ̆m thơĭ jan adrĭng đe hơ-yoh adrĭng pơm Hôi đông đe hơ-yoh sư rim đe hơ-yoh adrĭng pơm hơgĕi tơmưt rim tơdrong đơ̆ng Hôi đông,Education,Ngành Giáo_dục và Đào_tạo tạo điều_kiện về thời_gian đối_với trẻ_em tham_gia Hội_đồng trẻ_em để các em tham_gia tốt vào các hoạt_động của Hội_đồng .
193,"Đồng thời, huyện cũng mở các lớp dạy nghề ngắn hạn, tổ chức tập huấn nâng cao kiến thức trồng trọt, chăn nuôi, hướng dẫn người dân áp dụng các tiến bộ khoa học kỹ thuật vào sản xuất, từng bước xóa đói, thoát nghèo hiệu quả","Thoi noh, hŭn cung pơlĕi rim lơp pơ tơp nghê, pơlĕi pơtho khan pôk xuôn tơdrong băt pơtăm long, kia rong, pơtho khan nă ma tơjung pơm rim tơdrong KHKT tơmưt choh jang, rim tơdrong tuk bơngot dơnuh ơĭ thu 'yŏk",Education,"Đồng_thời , huyện cũng mở các lớp dạy nghề ngắn_hạn , tổ_chức tập_huấn nâng cao kiến_thức trồng_trọt , chăn_nuôi , hướng_dẫn người_dân áp_dụng các tiến_bộ khoa_học_kỹ_thuật vào sản_xuất , từng bước xoá đói , thoát nghèo hiệu_quả"
194,"Ngày hôm kia, tớ đang đi học lớp một ở trường làng.","Năr iơ̆u, inh kung atung hok lơp minh uĕi trương pơlĕi.",Usual,"Ngày hôm_kia , tớ đang đi học lớp một ở trường làng ."
195,"Sáng sớm, Yôl thường thả vịt ở bãi có gần hồ, rồi đi lấy củi.","Bơgê sruôih, Yôl tơ'nglaih ada lơ̆m tơmăn 'nhăt jê̆ 'bău, đưng rŏng 'noh, năm 'yŏk 'long ŭnh.",Usual,"Sáng sớm , Yôl thường thả vịt ở bãi có gần hồ , rồi đi lấy củi ."
196,Muốn xóa sổ được lâm tặc thì riêng một mình lực lượng kiểm lâm không thể thực hiện được.,Wă tuk đĕi lâm tăc thoi kơdih lưk lương kiêm lâm bi hla như pơm đĕi.,Social,Muốn xoá_sổ được lâm_tặc thì riêng một_mình lực_lượng kiểm_lâm không_thể thực_hiện được .
197,"Hoàng hôn, bố mẹ cho Yôl đi theo lên rẫy.",Năr mưt mĭ 'bă ăn Yôl năm tiê̆ tơ mir.,Usual,"Hoàng_hôn , bố_mẹ cho Yôl đi theo lên rẫy ."
198,Bác Sá là người chăm chỉ.,Mih Să bơngai pơnam tơnui.,Usual,Bác Sá là người chăm_chỉ .
199,Ông không muốn ăn.,Bok bĭ wă sa.,Usual,Ông không muốn ăn .
200,"Với sự quan tâm của Đảng và Nhà nước, huyện Vĩnh Thạnh đã xây dựng và chỉ đạo thực hiện có hiệu quả Chương trình phát triển KT-XH miền núi gắn với xoá đói giảm nghèo với phương châm ""Tập trung huy động nguồn lực cho phát triển kinh tế - xã hội, nhất là đầu tư phát triển kết cấu hạ tầng kinh tế - xã hội ở khu vực miền núi""","Adring tơdrong ngo hnhĕi đơng Đang weng Kơpal, hŭn Vinh Thanh jơh tơjung pơm weng pơgơl pơm ơĭ thu 'yŏk tơdrong pơjing kinh tê sa hôi apung kông pơteo adrĭng tuk bơngot dơnuh adrĭng tơdrong ""Pơnhôm krao akom nguôn lưk ăn pơjing kinh tê sa hôi, pơgloh la tơgum pơjing kêt câu ha tâng kinh tê sa hôi uĕi apung kông""",Politics,"Với sự quan_tâm của Đảng và Nhà_nước , huyện Vĩnh_Thạnh đã xây_dựng và chỉ_đạo thực_hiện có hiệu_quả Chương_trình phát_triển KT-XH miền núi gắn với xoá_đói_giảm_nghèo với phương_châm "" Tập_trung huy_động nguồn_lực cho phát_triển kinh_tế - xã_hội , nhất_là đầu_tư phát_triển kết_cấu_hạ_tầng kinh_tế - xã_hội ở khu_vực miền núi """
201,"Ở ngoài sân, bố Yôl đang nói chuyện với 10 người lạ.","Uĕi măng cham, 'bă Yôl atung 'bơ̆l adrĭng 10 'nu bơngai bĭ alê̆.",Usual,"Ở ngoài sân , bố Yôl đang nói_chuyện với 10 người lạ ."
202,Tập trung thực hiện các chính sách với đồng bào dân tộc thiểu số để cùng phát triển và phát triển bền vững.,Pơnhơm pơm rim chinh sach adrĭng adrech kon kơng sư adrĭng pơjing păng pơjing ăl kơjăp.,Social,Tập_trung thực_hiện các chính_sách với đồng_bào dân_tộc_thiểu_số để cùng phát_triển và phát_triển bền_vững .
203,Phù hợp với điều kiện kinh tế của từng địa bàn dân cư và khả năng đóng góp thực tế của người dân ở mỗi vùng và được quy định cho cơ sở giáo dục theo từng vùng như sau,Trơ tro adrĭng tơdrong kinh tê unh hnam di rim apung cham pơlĕi păng tơdrong pơgop đưng di rim 'nâu đê nă ma ŭi tơ rim apung păng đĕi kuy đinh ăn kơ sơ giao yuk 'boi rim apung đưng rong âu,Education,Phù_hợp với điều_kiện kinh_tế của từng địa_bàn dân_cư và khả_năng đóng_góp thực_tế của người_dân ở mỗi vùng và được quy_định cho cơ_sở giáo_dục theo từng vùng như sau
204,Mợ của Yôl biết rất nhiều chuyện dân tộc Chăm.,Duch đe Yôl alê̆ lư tơdrong kon kông Chăm.,Usual,Mợ của Yôl biết rất nhiều chuyện dân_tộc Chăm .
205,"Bảo vệ, chăm sóc và giáo dục trẻ em trong điều kiện tốt nhất là trách nhiệm của toàn xã hội, và là quốc sách hàng đầu của Đảng, Nhà nước Việt Nam.","Jư vĕi, tơme rong weng giăo 'yŭk đe hơ-yoh lơ̆m tơdrong hơgĕi pơgloh la tơdrong pơm đơ̆ng đĭ đăng sa hôi weng la kuô̆c sach trong pơtơ̆m đơ̆ng Đang, Kơpal Viêt nam",Social,"Bảo_vệ , chăm_sóc và giáo_dục trẻ_em trong điều_kiện tốt nhất là trách_nhiệm của toàn xã_hội , và là quốc_sách hàng_đầu của Đảng , Nhà_nước Việt_Nam ."
206,Sở Nông nghiệp và Phát triển nông thôn phối hợp với Ủy ban nhân dân các huyện tổ chức hướng dẫn lực lượng quản lý đê nhân dân thực hiện công tác tuần tra bảo vệ đê điều trong mùa mưa lũ theo quy định tại Thông tư số 01/2009/TT-BNN ngày 06/01/2009 của Bộ Nông nghiệp và Phát triển nông thôn để phát hiện và xử lý kịp thời ngay từ giờ đầu đảm bảo an toàn cho hệ thống đê điều và báo cáo kịp thời khi xảy ra sự cố đê điều trên địa bàn,Sơ Nông nghiêp weng pơjing cham pơlĕi adrĭng UBND rim hŭn pơlĕi pơtho khan lưk lương ngŏ hnhĕi bưt đak kon tơring pơm tơdrong năm ngŏ hnhĕi jư vĕi bưt đak lơ̆m jan ami but 'boi tơdrong lơ̆m Thông tư ksô không minh sơnăm 'băl ơbơ̆u không hriêng le tơxĭnh/TT-BNN 'năr drơ̆u khĕi minh sơnăm 'băl ơbơ̆u không hriêng le tơxĭnh đơ̆ng 'Bô Nông nghiêp weng pơjing cham pơlĕi sư 'boh weng xư ly tơtam đơ̆ng pơtơm tơmăn tơl an toan ăn tơdrong bưt đak weng pơtho khan tơtam jơnang ơĭ lêch tơdrong bưt đak lơ̆m tơring,Politics,Sở Nông_nghiệp và Phát_triển nông_thôn phối_hợp với Uỷ_ban_nhân_dân các huyện tổ_chức hướng_dẫn lực_lượng quản_lý đê nhân_dân thực_hiện công_tác tuần_tra bảo_vệ đê_điều trong mùa mưa_lũ theo quy_định tại Thông_tư số 01/2009/TT-BNN ngày 06/01/2009 của Bộ Nông_nghiệp và Phát_triển nông_thôn để phát_hiện và xử_lý kịp_thời ngay từ giờ đầu đảm_bảo an_toàn cho hệ_thống đê_điều và báo_cáo kịp_thời khi xảy ra sự_cố đê_điều trên địa_bàn
207,Làng có khoảng trên 8 mươi gia đình người Ba na.,Pơlĕi ơĭ loi 8 jĭt ŭnh hnam bơngai Bơhnar.,Usual,Làng có khoảng trên 8 mươi gia_đình người Ba na .
208,"Có thể nói, các công trình hạ tầng phục vụ phát triển kinh tế xã hội ở huyện Vĩnh Thạnh trong thời gian qua đã thay đổi diện mạo nông thôn, miền núi, góp phần giao thương, đi lại thuận tiện và đời sống người dân được đảm bảo hơn","Ơĭ tơdrong khan, rim kông trinh ha tâng tơgum pơjing kinh tê sa hôi uĕi hŭn Vinh Thanh lơm jơnang anu yuô ơu jơh pơm tơplih trong măt cham pơlĕi, apung kông, pơgop tơdrong giao thương, trong năm alưng weng tơdrong yăl arih đơng nă ma đĕi tơmăn tơl loi",Social,"Có_thể nói , các công_trình hạ_tầng phục_vụ phát_triển kinh_tế xã_hội ở huyện Vĩnh_Thạnh trong thời_gian qua đã thay_đổi diện_mạo nông_thôn , miền núi , góp_phần giao_thương , đi_lại thuận_tiện và đời_sống người_dân được đảm_bảo hơn"
209,Hôm qua mẹ đan được một cái.,Năr abri mĭ tanh đơ̆i minh tŏ dơnol.,Usual,Hôm_qua mẹ đan được một_cái .
210,"Ở đây có rất nhiều quần đẹp, Yôl nhìn hoa cả mắt.","Uĕi hơ-ơ̆u đơ̆i lư kuơ̆n liêm, Yôl ngŏ tơbla măt.",Usual,"Ở đây có rất nhiều quần đẹp , Yôl nhìn hoa cả mắt ."
211,"Hôm kỉa, tớ đang đi học lớp 9 ở trường làng.","Năr tơmĕt, inh kung atung hok lơp 9 uĕi trương pơlĕi.",Usual,"Hôm kỉa , tớ đang đi học lớp 9 ở trường làng ."
212,Và có chứng chỉ bồi dưỡng nghiệp vụ sư phạm do đơn vị có thẩm quyền cấp theo quy định của Bộ Giáo dục và Đào tạo.,Oêng ơĭ chưng chi tơgŭm nghiêp vŭ sư pham yua đơn vi ơĭ thâm kŭn kơ̆p 'boi quy đinh đơ̆ng 'Bô giăo yŭk weng Đao tao,Education,Và có chứng_chỉ bồi_dưỡng nghiệp_vụ sư_phạm do đơn_vị có thẩm_quyền cấp theo quy_định của Bộ Giáo_dục và Đào_tạo .
213,"Những năm qua, Hội Nông dân huyện Vĩnh Thạnh  đã thực hiện nhiều giải pháp giúp hội viên, nông dân phát triển kinh tế gia đình","Lư sơnăm anu yuô ơ̆u, Hôi nông dân huyên Vinh Thanh jơh pơm lư tơdrong tơgŭm nă ma pơjing kinh tê ŭnh hnam",Social,"Những năm qua , Hội Nông_dân huyện Vĩnh_Thạnh đã thực_hiện nhiều giải_pháp giúp hội_viên , nông_dân phát_triển kinh_tế gia_đình"
214,"Nguyên nhân chủ yếu là: một bộ phận đồng bào dân tộc thiểu số nhận thức chưa cao, sản xuất nương rẫy mang tính luân canh, không cố định; hầu hết các xã, thị trấn chưa có quy hoạch sử dụng đất bền vững, công tác khuyến nông, khuyến lâm đã được triển khai tại nhiều địa phương nhưng sức lan toả chưa cao; việc sử dụng đất của nhân dân không hợp lý, một số diện tích đất quy hoạch để trồng cây lương thực nhưng lại trồng cây công nghiệp; việc xây dựng các công trình thủy lợi, thủy điện làm cho một số diện tích đất sản xuất của người dân bị thu hẹp, trong khi đó dân số ngày càng tăng, sản xuất không đáp ứng đủ về nhu cầu lương thực; giá cả một số mặt hàng nông sản, lâm sản tăng cao, kích thích người dân địa phương phá rừng để lấy đất canh tác","Tơdrong pơgloh la minh ksô unh hnam nă ma kon kông tơdrong băt đim đeo hơgĕi, choh jang mil chep tơdrong luân canh, bi kơïaëp; wă đi rim Sa, thi trân đim ơ quy hoach chă yuô the kơjăp, tơdrong khuyên nông, khuyên lâm jơh đĕi pơnhroh lơm lư cham pơlĕi mălĕi tơdrong apo đim đuôĭ; tơdrong chă yuô the đơng nă ma bi trơ tro, minh ksô chđeh the quy hoach sư pơtăm long lương thưc mălĕi chep pơtăm long kông nghiêp; tơdrong pơm rim kông trinh thuy lơĭ, thuy điên pơm ăn minh ksô chđeh the choh jang đơng nă ma bia loi, lơm jơnang nang noh dân sô năr minh kơjung, choh jang bi tơgum duh lơm tơdrong kơ wă lương thưc; giă ca minh ksô đô nông san, lâm san kơjung đuôĭ, kich thich nă ma cham pơlĕi phă bri sư 'yŏk the pơm",Science,"Nguyên_nhân chủ_yếu là : một bộ_phận đồng_bào dân_tộc_thiểu_số nhận_thức chưa cao , sản_xuất nương_rẫy mang tính luân_canh , không cố_định ; hầu_hết các xã , thị_trấn chưa có quy_hoạch sử_dụng đất bền_vững , công_tác khuyến_nông , khuyến_lâm đã được triển_khai tại nhiều địa_phương nhưng sức lan_toả chưa cao ; việc sử_dụng đất của nhân_dân không hợp_lý , một_số diện_tích đất quy_hoạch để trồng cây_lương_thực nhưng lại trồng cây_công_nghiệp ; việc xây_dựng các công_trình thuỷ_lợi , thuỷ_điện làm cho một_số diện_tích đất sản_xuất của người_dân bị thu_hẹp , trong khi đó dân_số ngày_càng tăng , sản_xuất không đáp_ứng đủ về nhu_cầu lương_thực ; giá_cả một_số mặt_hàng nông_sản , lâm_sản tăng cao , kích_thích người_dân địa_phương phá rừng để lấy đất canh_tác"
215,Dân làng sống với nhau rất vui vẻ.,Kon pơlĕi arih adrĭng tơ bơ̆i hyôk hiăn adrin.,Usual,Dân_làng sống với nhau rất vui_vẻ .
216,Sáng sớm mới đan được một ngàn cái.,Bơgê sruôih bok 'nau tanh đơ̆i minh abơ̆u tŏ.,Usual,Sáng sớm mới đan được một_ngàn cái .
217,"Đến nay, Hội đã phối hợp Ngân hàng CSXH huyện giải ngân trên 106 tỷ đồng, cho 2.527 hội viên vay để đầu tư phát triển sản xuất.","Truh ahrĕi, Hôi jơh adrĭng NHCSXH hŭn tơgum loi 106 ty đông ăn 2.527 mai oh vĕi sư tơgum pơjing choh jang.",Social,"Đến nay , Hội đã phối_hợp Ngân_hàng CSXH huyện giải_ngân trên 106 tỷ đồng , cho 2.527 hội_viên vay để đầu_tư phát_triển sản_xuất ."
218,Mẹ ấy đã lấy chồng ở làng bên nên thường về thăm nhà.,Mĭ 'noh jơh 'yŏk tơhnglo uĕi pơlĕi jê̆ kơna mai 'noh năm tơmang mĭ 'bă hơ dach.,Usual,Mẹ ấy đã lấy chồng ở làng bên nên thường về thăm nhà .
219,Biên soạn nội dung thi môn nghiệp vụ chuyên ngành nhân viên kế toán.,Biên soan nôi jung thi môn nghiêp vu chŭn nganh nhân viên kê̆ toan,Usual,Biên_soạn nội_dung thi môn nghiệp_vụ chuyên_ngành nhân_viên kế_toán .
220,Hôm qua chị đan được một trăm cái.,Năr abri mai tanh đơ̆i minh hriêng tŏ dơnol.,Usual,Hôm_qua chị đan được một trăm cái .
221,"Nước Việt Nam cong cong hình chữ S. Phía bắc giáp Trung Quốc, phía tây giáp Lào và Campuchia, phía đông và phía nam giáp biển.","Teh đak Viêt Nam đŏng đŏng in chư̆ S. Gah 'băk atơ̆t Trung Kuôk, gah 'năr mưt atơ̆t teh đak Lau weng teh đak Kămpuchia, gah 'năr lêch weng gah krong atơ̆t đak tơsĭ.",Usual,"Nước Việt_Nam cong_cong hình chữ S. Phía bắc giáp Trung_Quốc , phía tây giáp Lào và Campuchia , phía đông và phía nam giáp biển ."
222,Căn cứ Luật Hòa giải ở cơ sở ngày 20/6/2013;,Kăn kư Luât Hoa giai uĕi kơ sơ 'năr 'băl jĭt khĕi drơ̆u sơnăm 'băl ơbơ̆u không hriêng minh jĭt pêng;,Social,Căn_cứ Luật Hoà_giải ở cơ_sở ngày 20/6/2013 ;
223,"Đơn vị quản lý vận hành nhà ở sinh viên sắp xếp danh sách sinh viên theo thứ tự ưu tiên để thực hiện ký kết hợp đồng cho thuê nhà ở đảm bảo đúng đối tượng và điều kiện theo quy định,",Đơn vĭ ngŏ hnhĕi pơm hnam uĕi sinh viên săp xêp danh sach sinh viên 'boi tơdrong ưu tiên sư pơm kyê kê̆t hơ̆p đông ăn thŭ hnam uĕi tơmăn tơl trơ trŏ đuôĭ tương weng tơdrong 'boi quy đinh,Social,"Đơn_vị quản_lý vận_hành nhà ở sinh_viên sắp_xếp danh_sách sinh_viên theo thứ_tự ưu_tiên để thực_hiện ký_kết hợp_đồng cho thuê nhà ở đảm_bảo đúng đối_tượng và điều_kiện theo quy_định ,"
224,Yôl rất thích xem mẹ làm việc.,Yôl 'moih ngŏ mĭ pơm tơpă.,Usual,Yôl rất thích xem mẹ làm_việc .
225,Hôm qua anh đan được 1000 cái.,Năr abri 'nhŏng tanh đơ̆i 1000 tŏ dơnol.,Usual,Hôm_qua anh đan được 1000 cái .
226,Trên đỉnh cột khắc hình các thần linh.,Kơpưng jrăng srĕ hĭnh đe Yang.,Usual,Trên đỉnh cột khắc hình các thần_linh .
227,"Phát triển sản phẩm du lịch theo đặc trưng thế mạnh của từng địa điểm tại Tân Thanh - Vĩnh Hội, Eo Gió, Kỳ Co, Phương Mai, Núi Bà, Nhơn Hải, Hòn Khô, Hải Minh.","Pơjing san phâm 'yu lĭch 'boi đăk trưng tơdrong dêh đơ̆ng rim dơnŏ lơm Tân Thanh – Vinh Hôi, Eo Giŏ, Ky Ko, Phương Mai, Nŭi 'Ba, Nhơn Hai, Hon Khô, Hai Minh",Social,"Phát_triển sản_phẩm du_lịch theo đặc_trưng thế mạnh của từng địa_điểm tại Tân_Thanh - Vĩnh_Hội , Eo_Gió , Kỳ_Co , Phương_Mai , Núi Bà , Nhơn_Hải , Hòn_Khô , Hải_Minh ."
228,Ngày hôm nay mới đan được bốn cái.,Năr adrơ̆u bok 'nau tanh đơ̆i puôn tŏ.,Usual,Ngày hôm_nay mới đan được bốn cái .
229,"Bưởi diễn có nguồn gốc từ bưởi Đoan Hùng, được đưa về trồng đầu tiên tại xã Phú Diễn - huyện Từ Liêm - TP Hà Nội. Giống có quả tròn, vỏ quả nhẵn, khi chín màu vàng cam; khối lượng trung bình từ 0,8 - 1kg, ăn giòn, ngọt.","Bŏng yiên ơĭ nguôn tơm đơ̆ng 'bŏng Đoan Hung, đĕi chêp sưt pơtăm pơtơm dơnŏ sa Phu Yiên – hŭn Tư Liêm – TP Ha Nôi. Adrê̆ch ơĭ plĕi tron, kơđoh plĕi kơlênh, jơnang đum mơu brơ̆u cam; khuôĭ lương tĭnh jơnŭm đơ̆ng không phĕi tơhngam truh minh kilôgam, sa krênh, 'ngam",Science,"Bưởi diễn có nguồn_gốc từ bưởi Đoan_Hùng , được đưa về trồng đầu_tiên tại xã Phú_Diễn - huyện Từ_Liêm - TP Hà_Nội . Giống có quả tròn , vỏ quả nhẵn , khi chín màu vàng cam ; khối_lượng trung_bình từ 0,8 - 1kg , ăn giòn , ngọt ."
230,"Quyết định Thành lập Ban điều hành Dự án cấp tỉnh về ""Phát triển chiến lược triển khai hệ thống nguồn lực hỗ trợ sáng kiến nâng cao năng lực xóa mù chữ tại Việt Nam""","kuyêt định pơ jing 'ban đĭu hanh dự án kâp tinh lơm tơ 'yung pơk xuơn chĭ̌n lược trĭn khai hê̌ thơ̌ng nguồn lư̌c dơ gưm sáng kĭ̌n xư̌  pơk xuơn pran hơ gĕi drong xǒa mu chư tơ Viêt Nam""",Politics,"Quyết_định Thành_lập Ban điều_hành Dự_án cấp tỉnh về "" Phát_triển chiến_lược triển_khai hệ_thống nguồn_lực hỗ_trợ sáng_kiến nâng cao năng_lực xoá mù_chữ tại Việt_Nam """
231,"Nguồn từ ngân sách địa phương (chi cho công tác bồi thường, giải phóng mặt bằng, xây dựng hạ tầng kỹ thuật bên ngoài hàng rào): 43.740 triệu đồng.","Đơ̆ng nguôn ngân sach cham pơlĕi (chi ăn tơdrong 'bôi thương giai phŏng tơmăn, tơjung pơm ha tâng ky thuât ơgah pơgal): Puôn jĭt pêng ơbơ̆u tơpơ̆h hriêng puôn jĭt triêu đông",Politics,"Nguồn từ ngân_sách địa_phương ( chi cho công_tác bồi_thường , giải_phóng mặt_bằng , xây_dựng hạ_tầng kỹ_thuật bên ngoài hàng_rào ) : 43.740 triệu đồng ."
232,"Đến nay, xã Vĩnh Sơn đã đạt 5/19 tiêu chí như: TC1- Quy hoạch; TC4 - Điện; TC8 - Bưu điện; TC13 - Tỷ lệ lao động có việc làm thường xuyên; TC19 - An ninh trật tự xã hội","Truh ahrĕi, sa Vinh Sơn jơh đat 5/19 tiêu chi in: TC1 – Quy hoach; TC4 – Điên; TC8 – Bưu điên; TC13 – Ty lê nă ma ơĭ tơdrong pơm dach weng TC19 – an ninh trât tư sa hôi",Politics,"Đến nay , xã Vĩnh_Sơn đã đạt 5/19 tiêu_chí như : TC 1 - Quy_hoạch ; TC4 - Điện ; TC8 - Bưu_điện ; TC13 - Tỷ_lệ lao_động có việc_làm thường_xuyên ; TC19 - An_ninh trật_tự xã_hội"
233,Kinh phí xây dựng: Tham khảo suất đầu tư xây dựng công trình được Bộ Xây dựng,Jên pơm: Chă băt suâÊt tơgŭm tơjung pơm kông trinh đĕi 'Bô Xây 'yưng,Politics,Kinh_phí xây_dựng : Tham_khảo suất đầu_tư xây_dựng công_trình được Bộ Xây_dựng
234,"Ông Trương Văn Khải, Trưởng phòng Phòng Kế hoạch Tài chính, Sở","Bŏk Trương Văn Khai, Trương phong Phong Kê̆ hoach Tai chĭnh, Sơ",Politics,"Ông Trương_Văn_Khải , Trưởng phòng Phòng Kế_hoạch Tài_chính , Sở"
235,"Kiểm tra và xử lý các trường hợp vi phạm liên quan đến đầu tư xây dựng, chất lượng công trình, quản lý việc sử dụng, vận hành quỹ nhà ở sinh viên theo thẩm quyền.","Ngŏ hnhĕi weng xư ly rim tơdrong pơm glăi liên kuan truh tơgŭm tơjung pơm, tơdrong thu 'yŏk đĕi kông trinh, ngŏ hnhĕi tơdrong chă yuô, vân hanh quy hnam uĕi sinh viên 'boi thâm kŭn",Politics,"Kiểm_tra và xử_lý các trường_hợp vi_phạm liên_quan đến đầu_tư xây_dựng , chất_lượng công_trình , quản_lý việc sử_dụng , vận_hành quỹ nhà ở sinh_viên theo thẩm_quyền ."
236,"Qua đây, Đồng chí cũng lưu ý cấp ủy, chính quyền địa phương thường xuyên quan tâm đến đời sống, hoàn cảnh của các gia đình chính sách trên địa bàn huyện, để có sự giúp đỡ kịp thời, giúp các gia đình đối tượng ổn định trong cuộc sống.","Kua ơ̆u, đ/c kung pơkă kơ̆p uy, khul pơgơl cham pơlĕi dach ngŏ hnhĕi truh tơdrong yăl arih đơ̆ng rim ŭnh hnam nă ma ơĭ kông adrĭng teh đak lơ̆m tơring hŭn sư ơĭ tơdrong tơgŭm tơtam, tơgŭm rim ŭnh hnam nă ma alưng tơdrong yăl arih.",Politics,"Qua đây , Đồng_chí cũng lưu_ý cấp_uỷ , chính_quyền địa_phương thường_xuyên quan_tâm đến đời_sống , hoàn_cảnh của các gia_đình chính_sách trên địa_bàn huyện , để có sự giúp_đỡ kịp_thời , giúp các gia_đình đối_tượng ổn_định trong cuộc_sống ."
237,"Mùa phát rẫy đã đến, hôm nay dượng Ba đi xuống chợ mua thêm một cái quần.","Jơh truh măng 'năr mưih mir, năr adrơ̆u 'bă yăng 'Ba năm jul chơ̆ ruôt mĭnh hlak kuơ̆n piêu.",Usual,"Mùa phát rẫy đã đến , hôm_nay dượng Ba đi xuống chợ mua thêm một cái quần ."
238,"Hôm kỉa, Yôl thường thả chim ở bãi có gần hồ, rồi đi lấy củi.","Năr tơmĕt, Yôl tơ'nglaih sem lơ̆m tơmăn 'nhăt jê̆ 'bău, đưng rŏng 'noh, năm 'yŏk 'long ŭnh.",Usual,"Hôm kỉa , Yôl thường thả chim ở bãi có gần hồ , rồi đi lấy củi ."
239,"Đặc biệt là xóa đói giảm nghèo, phát triển kinh tế, giáo dục, y tế, văn hóa.","P'gloh la tuk pơ'ngot jul dơnuh, pơjing kinh tê, yao yuk, y tê, văn hoa.",Politics,"Đặc_biệt là xoá_đói_giảm_nghèo , phát_triển kinh_tế , giáo_dục , y_tế , văn_hoá ."
240,"Năm 2020: Tỷ lệ bò lai và bò ngoại thuần 93,8% tổng đàn; tỷ lệ bò lai/tổng đàn bò nuôi trong nông hộ chiếm 90% và tỷ lệ bò thịt chất lượng cao chiếm 16,3% tổng đàn bò lai.",Sơnăm 'băl ơbơ̆u không hriêng 'băl jĭt: Ty lê lơmo lai weng lơmo ngoai thuân tơxĭnh jĭt pêng phĕi tơhngam phân trăm pơting tơpul; ty lê lơmo lai lơ̆m pơting tơpul lơmo rong lơ̆m ŭnh hnam 'yŏk tơxĭnh jĭt phân trăm weng ty lê lơmo asêch tơdrong thu 'yŏk dêh 'yŏk minh jĭt drơ̆u phĕi pêng phân trăm pơting tơpul lơmo lai.,Science,"Năm 2020 : Tỷ_lệ bò lai và bò ngoại thuần 93,8% tổng đàn ; tỷ_lệ bò lai / tổng đàn bò nuôi trong nông_hộ chiếm 90% và tỷ_lệ bò thịt chất_lượng cao chiếm 16,3% tổng đàn bò lai ."
241,"Mùa phát rẫy đã đến, hôm nay ông Ba đi xuống chợ mua thêm một cái áo.","Jơh truh măng 'năr mưih mir, năr adrơ̆u 'bok 'Ba năm jul chơ̆ ruôt mĭnh hlak au piêu.",Usual,"Mùa phát rẫy đã đến , hôm_nay ông Ba đi xuống chợ mua thêm một cái áo ."
242,Phát hiện và tôn vinh những điển hình bảo vệ môi trường trở thành nếp sống văn hóa cộng đồng của các dân tộc.,Boh pănng ơnhơng lư tơdrong pơm vĕi jư mo trương sư pơjing tơdrong arih văn hoa kơng kơng di rim adrech kon kơng.,Social,Phát_hiện và tôn_vinh những điển_hình bảo_vệ môi_trường trở_thành nếp sống văn_hoá cộng_đồng của các dân_tộc .
243,"Từ sau Tết Nguyên đán đến nay, các cấp bộ Đoàn trên địa bàn thành phố Quy Nhơn đã vận động được 40 cây đào từ các hộ gia đình","Đưng rŏng Têt nguyên đan truh ahrĕi, rim kơ̆p bô đoan lơ̆m tơring TP Quy Nhơn jơh krao akŏm đĕi 40 'long đao đơ̆ng rim ŭnh hnam",Social,"Từ sau Tết_Nguyên_đán đến nay , các cấp_bộ Đoàn trên địa_bàn thành_phố Quy_Nhơn đã vận_động được 40 cây đào từ các hộ gia_đình"
244,"Nhiệt độ: Điều là loại cây có nguồn gốc từ vùng nhiệt đới, vì vậy điều rất mẫn cảm với nhiệt độ thấp và sương giá. Điều có khả năng sinh trưởng trong phạm vi giới hạn nhiệt độ khá rộng nhưng chỉ sinh trưởng, phát triển tốt trong điều kiện nhiệt độ từ 24-280C. Tuy nhiên muốn có năng suất cao, thì không nên chọn những vùng có nhiệt độ trung bình hàng năm dưới 200C.","Nhiêt đô: Điêu la loai 'long ơĭ nguôn tơm đơ̆ng apung nhiêt đơĭ, yua 'noh điêu pơgloh mân kam adrĭng nhiêt đô kơđeh weng sương giă. Điêu ơĭ tơdrong yăl arih lơ̆m pham vi giơĭ han nhiêt đô khă să mălĕi anao yăl arih, pơjing hơgĕi lơ̆m tơdrong nhiêt đô đơ̆ng 'băl jĭt puôn truh 'băl jĭt tơhngam đô C. Mălĕi wă ơĭ thu 'yŏk lư thoi bĭ 'yŏk rim apung ơĭ nhiêt đô trung 'binh rim sơnăm ơla 'băl jĭt đô C",Science,"Nhiệt_độ : Điều là loại cây có nguồn_gốc từ vùng nhiệt_đới , vì_vậy điều rất mẫn_cảm với nhiệt_độ thấp và sương_giá . Điều có khả_năng sinh_trưởng trong phạm_vi giới_hạn nhiệt_độ khá rộng nhưng chỉ sinh_trưởng , phát_triển tốt trong điều_kiện nhiệt_độ từ 24-280 C . Tuy_nhiên muốn có năng_suất cao , thì không nên chọn những vùng có nhiệt_độ trung_bình hàng năm dưới 200C ."
245,"Ngoài những hình thức vận động thường xuyên nói trên, trong những năm qua, Hội còn triển khai cho hội viên đăng ký thực hiện mô hình gia đình 5 không 3 sạch và tổ phụ nữ 3 sạch","Minh kơpah rim tơdrong krao akom dech khan noh, lơm lư sơnăm anu yuô ơu, Hôi ară pơnhroh ăn mai oh đăng ky pơm mô hinh unh hnam 5 bi 3 uôil iêk weng kơtum mai oh 3 uôil iêl",Social,"Ngoài những hình_thức vận_động thường_xuyên nói trên , trong những năm qua , Hội còn triển_khai cho hội_viên đăng_ký thực_hiện mô_hình gia_đình 5 không 3 sạch và tổ_phụ nữ 3 sạch"
246,Định hướng phát triển về những sản phẩm đặc sản,Tơdrong pơjing lơ̆m rim san phâm đăk san,Social,Định_hướng phát_triển về những sản_phẩm đặc_sản
247,Phát hành Thư mời đến các đoàn trong nước.,Phat hanh Thư mơĭ truh rim đoan lơ̆m teh đak,Politics,Phát_hành Thư mời đến các đoàn trong nước .
248,"Lúc đầu, Yôl thường thả mèo ở bãi có gần hồ, rồi đi lấy củi.","Jơdnang pơtơm, Yôl tơ'nglaih meu lơ̆m tơmăn 'nhăt jê̆ 'bău, đưng rŏng 'noh, năm 'yŏk 'long ŭnh.",Usual,"Lúc đầu , Yôl thường thả mèo ở bãi có gần hồ , rồi đi lấy củi ."
249,Thường lát bằng mò o hoặc nứa. Có nhà lát bằng gỗ.,"Pơm sơ̆m kram, ade, hyơl. Đơ̆i ŭnh hnam pơm sơ̆m 'long.",Usual,Thường lát bằng mò o hoặc nứa . Có nhà lát bằng gỗ .
250,Trong việc thúc đẩy Quyền tham gia của trẻ em vào các vấn đề liên quan đến trẻ em,Lơ̆m tơdrong pơm kơjung kŭn adrĭng pơm đơ̆ng đe hơ-yoh tơmưt rim tơdrong liêm kuan truh đe hơ-yoh,Social,Trong việc thúc_đẩy Quyền tham_gia của trẻ_em vào các vấn_đề liên_quan đến trẻ_em
251,Điều 4. Hỗ trợ giá giống cây trồng cạn sản xuất trên đất chuyên trồng lúa,Điêu puôn. Tơgŭm giă adrêch 'long pơtăm kơđeh 'năr lơ̆m teh chŭn pơtăm 'ba,Science,Điều 4 . Hỗ_trợ giá giống cây_trồng cạn sản_xuất trên đất chuyên trồng lúa
252,"Căn cứ Quyết định số 4345/QĐ-UBND ngày 11/12/2018 của UBND tỉnh Bình Định về việc điều chỉnh, bổ sung kế hoạch trung hạn 2016 - 2020 và kế hoạch đầu tư công vốn ngân sách tỉnh năm 2019;","Kăn kư Kŭ̆t đinh ksô puôn pêng puôn pơđăm/QĐ-UBND 'năr minh jĭt minh khĕi minh jĭt 'băl sơnăm 'băl ơbơ̆u không hriêng minh jĭt tơhngam đơ̆ng UBND tinh 'Binh Đinh lơ̆m tơdrong tơplih, tơgŭm glong pơnhroh trung han sơnăm 'băl ơbơ̆u không hriêng minh jĭt drơ̆u – 'băl ơbơ̆u không hriêng 'băl jĭt weng glong pơnhroh tơgŭm kông jên ngân sach tinh sơnăm 'băl ơbơ̆u không hriêng minh jĭt tơxĭnh",Politics,"Căn_cứ Quyết_định số 4345 / QĐ-UBND ngày 11/12/2018 của UBND tỉnh Bình_Định về việc điều_chỉnh , bổ_sung kế_hoạch trung_hạn 2016 - 2020 và kế_hoạch đầu_tư công vốn ngân_sách tỉnh năm 2019 ;"
253,Hôm qua bố đan được chín cái.,Năr abri 'bă tanh đơ̆i sĭn tŏ dơnol.,Usual,Hôm_qua bố đan được chín cái .
254,"Lò võ Lý Xuân Hỷ, thị xã An Nhơn","Lo pjo Ly Xuân Hy, thi sa An Nhơn",Usual,"Lò võ Lý_Xuân_Hỷ , thị_xã An_Nhơn"
255,"Ngày mai, Yôl ra vườn cùng bố.","Năr dơning, Yôl năm tơ mir adrĭng 'bă.",Usual,"Ngày_mai , Yôl ra vườn cùng bố ."
256,Võ cổ truyền đối kháng (còn gọi là võ tự do) là 2 võ sĩ đấu với nhau bằng các đòn tay và đòn chân.,Pjo cô trŭn đuôĭ khang (ară khan la pjo tư do) la 'băl vo si ĭt adrĭng đơ̆ng rim đon ti weng đon tơkong,Usual,Võ cổ_truyền đối_kháng ( còn gọi là võ tự_do ) là 2 võ_sĩ đấu với nhau bằng các đòn_tay và đòn chân .
257,Câu hỏi làm cả lớp ôn ào. Một bạn giơ tay:,Bơ̆l apinh pơm đĭ đăng lơ̆m lơp klik klang. Minh 'nu jơ ti:,Usual,Câu hỏi làm cả lớp ôn ào . Một bạn giơ tay :
258,"Nội dung: Theo các chuyên đề được thống nhất từ Chương trình hoạt động của Hội đồng trẻ em, tập trung vào các nội dung chính sau:","Nôi jung: 'Boi rim chŭn đê đĕi thô̆ng nhâÊt đơ̆ng tơdrong pơm đơ̆ng Hôi đông đe hơ-yoh, pơnhôm tơmưt rim tơdrong chĭnh đưng rŏng ơ̆u:",Politics,"Nội_dung : Theo các chuyên_đề được thống_nhất từ Chương_trình hoạt_động của Hội_đồng trẻ_em , tập_trung vào các nội_dung chính sau :"
259,"Ở ngoài sân, anh trai Yôl đang nói chuyện với 3 người lạ.","Uĕi măng cham, 'nhŏng Yôl atung 'bơ̆l adrĭng 3 'nu bơngai bĭ alê̆.",Usual,"Ở ngoài sân , anh_trai Yôl đang nói_chuyện với 3 người lạ ."
260,"Quyết định về việc ban hành Kế hoạch triển khai Tháng hành động vì bình đẳng giới và phòng, chống bạo lực trên cơ sở giới tỉnh Bình Định năm 2017","Kuyêt đĭnh lơm drong 'ban hanh kê̆ hoach triên khai khĕi hanh đô̆ng yua 'binh đăng yơ̆i xưm phong, dâ̆t 'băo lưk tơ kơ sơ yơ̆i tinh 'Binh Đĭnh xơ năm 2017",Politics,"Quyết_định về việc ban_hành Kế_hoạch triển_khai Tháng hành_động vì bình_đẳng giới và phòng , chống bạo_lực trên cơ_sở giới tỉnh Bình_Định năm 2017"
261,Hôm kìa bà đi chợ bán củi.,Năr tơman yă năm chơ̆ tĕch 'long ŭnh.,Usual,Hôm_kìa bà đi chợ bán củi .
262,"Hoàng hôn, Yôl cùng chị gái sang thăm.","Năr mưt adrơ̆u, Yôl adrĭng mai năm tơmang.",Usual,"Hoàng_hôn , Yôl cùng chị_gái sang thăm ."
263,"Hàng năm, Ban vận động thôn Tà Điệk luôn phối hợp các ngành, hội đoàn thể tuyên truyền, giáo dục, thuyết phục cán bộ và nhân dân chấp hành tốt các chủ trương, Nghị quyết của Đảng, chính sách pháp luật của Nhà nước, tích cực tham gia các phong trào ở địa phương","Rim sơnăm, Khul krao akŏm thôn Ta Điêk dach adrĭng rim nganh, hôi đoan thê pơtho khan kang 'bô weng nă ma pơm hơgĕi rim Nghi quyêt đơ̆ng Đang, chĭnh sach phap luât đơ̆ng kơpal, pơjăng adrĭng pơm rim trong glong uĕi cham pơlĕi",Social,"Hàng năm , Ban vận_động thôn Tà_Điệk luôn phối_hợp các ngành , hội_đoàn_thể tuyên_truyền , giáo_dục , thuyết_phục cán_bộ và nhân_dân chấp_hành tốt các chủ_trương , Nghị_quyết của Đảng , chính_sách pháp_luật của Nhà_nước , tích_cực tham_gia các phong_trào ở địa_phương"
264,"Có giải pháp bảo đảm nguồn nhân lực, kinh phí","Ơĭ tơdrong tơmăn tơl nguôn nhân lưk, jean",Social,"Có giải_pháp bảo_đảm nguồn nhân_lực , kinh_phí"
265,Bố Yôl kể rằng: Bố mẹ trồng những cây ăn quả đầu tiên ở khu vườn này cách đây hơn năm mươi năm.,Bă đe Yôl roi: Mĭ 'bă pơtăm 'long sa plĕi pơtơm lơ̆m mir 'nơ̆u đưng rŏng 'nơ̆u loi đăm jĭt sơnăm.,Usual,Bố Yôl kể rằng : Bố_mẹ trồng những cây_ăn_quả đầu_tiên ở khu vườn này cách đây hơn năm_mươi năm .
266,(Ban hành kèm theo Quyết định số 429/QĐ-UBND ngày 12/02/2019 của Chủ tịch UBND tỉnh),(AÊn lêch pơtêp adrĭng Kŭ̆t đinh ksô puôn 'băl tơxĭnh/QĐ-UBND 'năr minh jĭt 'băl khĕi 'băl sơnăm 'băl ơbơ̆u không hriêng minh jĭt tơxĭnh đơ̆ng UBND tinh),Politics,( Ban_hành kèm theo Quyết_định số 429 / QĐ-UBND ngày 12/02/2019 của Chủ_tịch UBND tỉnh )
267,Hôm nọ mới đan được năm cái.,Năr yơ ơ̆u bok 'nau tanh đơ̆i đăm tŏ.,Usual,Hôm nọ mới đan được năm cái .
268,Làng có khoảng trên sáu mươi gia đình người Kinh.,Pơlĕi ơĭ loi dơdrơ̆u jĭt ŭnh hnam bơngai Kinh.,Usual,Làng có khoảng trên sáu mươi gia_đình người Kinh .
269,Khi đó mẹ đi chợ bán củi.,Jơnang 'noh mĭ năm chơ̆ tĕch 'long ŭnh.,Usual,Khi đó mẹ đi chợ bán củi .
270,Căn cứ Nghị định số 66/2006/NĐ-CP ngày 07/7/2006 của Chính phủ về phát triển ngành nghề nông thôn,Kăn kư Nghĭ đinh ksô drơ̆u jĭt drơ̆u sơnăm 'băl ơbơ̆u le drơ̆u/NĐ-CP 'năr tơpơ̆h khĕi tơpơ̆h sơnăm 'băl ơbơ̆u le drơ̆u đơng Kơpal teh đak lơ̆m pơjing nganh nghê cham pơlĕi,Politics,Căn_cứ Nghị_định số 66/2006/NĐ-CP ngày 07/7/2006 của Chính_phủ về phát_triển ngành_nghề nông_thôn
271,"Vì vậy, Yôl chăm sóc con mèo rất cẩn thận.","Yuô lơ'noh, Yôl tơme rong meu kheu kheu.",Usual,"Vì_vậy , Yôl chăm_sóc con mèo rất cẩn_thận ."
272,"Từ đó, người dân thêm lòng tin vào những chủ trương, chính sách của Đảng và Nhà nước, yên tâm phát triển kinh tế - xã hội ở địa phương","Đơng noh, nă ma piêu lui tơmưt rim tơdrong Đơng Đang weng Kơpal, alưng pơjing kinh tê sa hôi uĕi cham pơlĕi",Usual,"Từ đó , người_dân thêm lòng tin vào những chủ_trương , chính_sách của Đảng và Nhà_nước , yên_tâm phát_triển kinh_tế - xã_hội ở địa_phương"
273,"Quyết định Sửa đổi, bổ sung khoản 2 Điều 10 của Quy chế phối hợp về quản lý làng nghề, ngành nghề nông thôn","Kuyêt đĭnh sưa đôi, 'bô sung, khoan 'bal Điêu minh jĭt dĭ kuy chê̆ phô̆i hơp lơm gô răp plĕi nghê, nganh nghê tơ cham plĕi",Politics,"Quyết_định Sửa_đổi , bổ_sung khoản 2 Điều 10 của Quy_chế phối_hợp về quản_lý làng_nghề , ngành_nghề nông_thôn"
274,Ngày hôm kia mới đan được 3 cái.,Năr iơ̆u bok 'nau tanh đơ̆i 3 tŏ.,Usual,Ngày hôm_kia mới đan được 3 cái .
275,Hôm qua má đan được 2 cái.,Năr abri mĭ tanh đơ̆i 2 tŏ dơnol.,Usual,Hôm_qua má đan được 2 cái .
276,Ông của Yôl biết rất nhiều chuyện dân tộc Chăm.,Bok đe Yôl alê̆ lư tơdrong kon kông Chăm.,Usual,Ông của Yôl biết rất nhiều chuyện dân_tộc Chăm .
277,Sở Giáo dục và Đào tạo: Phối hợp với Sở Văn hóa và Thể thao trong việc điều động học sinh phục vụ các chương trình Liên hoan.,Sơ Giăo yŭk weng Đao tao: Adrĭng Sơ Văn hoa weng Thê thao lơ̆m tơdrong krao hŏk sinh tơgŭm rim chương trinh Liên hoan,Education,Sở Giáo_dục và Đào_tạo : Phối_hợp với Sở Văn_hoá và Thể_thao trong việc điều_động học_sinh phục_vụ các chương_trình Liên_hoan .
278,"Trong quá trình triển khai thực hiện Kế hoạch, nếu có vướng mắc, các cơ quan, đơn vị, địa phương","Lơ̆m jơnang pơnhroh pơm glong pơnhroh, tơ̆ng ơĭ tơdrong amăk, rim kơ kuan, đơn vi, cham pơlĕi",Politics,"Trong quá_trình triển_khai thực_hiện Kế_hoạch , nếu có vướng_mắc , các cơ_quan , đơn_vị , địa_phương"
279,Ngày hôm nay mới đan được sáu cái.,Năr adrơ̆u bok 'nau tanh đơ̆i dơdrơ̆u tŏ.,Usual,Ngày hôm_nay mới đan được sáu cái .
280,"Các chương trình, dự án, chính sách vùng dân tộc thiểu số và miền núi đã mang lại hiệu quả thiết thực, giúp các hộ nghèo và cận nghèo có điều kiện vươn lên trong cuộc sống","Rim chương trinh, dư an, chinh sach apung nă ma kon kông weng apung kông jơh chep ăn thu 'yŏk tơpă, tơgum rim unh hnam dơnuh weng unh hnam jê dơnuh ơĭ tơdrong kơjung lơm tơdrong yăl arih",Social,"Các chương_trình , dự_án , chính_sách vùng dân_tộc_thiểu_số và miền núi đã mang lại hiệu_quả thiết_thực , giúp các hộ nghèo và cận nghèo có điều_kiện vươn lên trong cuộc_sống"
281,Hôm qua dượng đan được sáu cái.,Năr abri 'bă yăng tanh đơ̆i dơdrơ̆u tŏ dơnol.,Usual,Hôm_qua dượng đan được sáu cái .
282,"Chiều ngày 5.5, UBND huyện Vĩnh Thạnh tổ chức Hội nghị tổng kết công tác tuyển chọn và gọi công dân nhập ngũ và thực hiện nghĩa vụ tham gia Công an nhân dân năm 2020","Ksơ năr 05.5, UBND hŭn Vinh Thanh pơlĕi hôi nghi tông kêt tơdrong tuyên chon weng krao công dân nhâp ngu weng pơm nghia vu adrĭng pơm công an nhân dân sơnăm 2020",Politics,"Chiều ngày 5.5 , UBND huyện Vĩnh_Thạnh tổ_chức Hội_nghị tổng_kết công_tác tuyển_chọn và gọi công_dân nhập_ngũ và thực_hiện nghĩa_vụ tham_gia Công_an nhân_dân năm 2020"
283,Yôl rất thích xem ông làm việc.,Yôl 'moih ngŏ 'bok pơm tơpă.,Usual,Yôl rất thích xem ông làm_việc .
284,"Yôl vừa làm vừa chơi, hết chạy đến chỗ thím lại chạy sang chỗ bố, có khi lại mải mê nhìn theo những chú bướm vàng trước mặt.","Yôl bươ pơm bươ sơhmanh đĭ kơdơ̆u dơnŏ duch đưng rŏng ĕi kơdơ̆u tơ 'bă, ơĭ Jơnang adrin ngŏ yă pơlai brơ̆u atung pal adrol măt.",Usual,"Yôl vừa làm vừa chơi , hết chạy đến chỗ thím lại chạy sang chỗ bố , có_khi lại mải_mê nhìn theo những chú bướm vàng trước mặt ."
285,Hiện nay các cấp hội đang nhận ủy thác 11 chương trình cho vay với tổng dư nợ trên 115 tỷ đồng ở 62 tổ tín chấp cho 3.097 hộ vay vốn,Ahrĕi rim kơ̆p hôi atung 'yŏk uy thac 11 chương trinh ăn vĕi adrĭng pơting lơkah sơre loi 115 ty đông uĕi 62 kơtum tin chơ̆p ăn 3.0297 ŭnh hnam vĕi jên,Social,Hiện_nay các cấp hội đang nhận uỷ_thác 11 chương_trình cho vay với tổng dư_nợ trên 115 tỷ đồng ở 62 tổ tín_chấp cho 3.097 hộ vay vốn
286,"Râu tóc anh bạc trắng, bàn tay anh cứng và nhăn nheo như vỏ cây đa trong rừng.","Sŏk kang, sŏk kơ̆l 'nhŏng 'noh 'bak tơpă.",Usual,"Râu_tóc anh bạc trắng , bàn_tay anh cứng và nhăn_nheo như vỏ cây đa trong rừng ."
287,"Bà biết không, chúng tôi đi săn không chỉ để ăn thịt mà còn để bảo vệ mùa màng.","Yă hăm alê̆, nhơn năm ayô sơbŏ sư̆ sa sem ară wă wĕi mir ba.",Usual,"Bà biết không , chúng_tôi đi săn không_chỉ để ăn thịt mà_còn để bảo_vệ mùa_màng ."
288,Anh trai mua bó này.,Nhŏng ruôt bŏ mă 'nơ̆u.,Usual,Anh_trai mua bó này .
289,Hôm kia mới đan được bảy cái.,Năr iơ̆u bok 'nau tanh đơ̆i tơpơh tŏ.,Usual,Hôm_kia mới đan được bảy cái .
290,Điều 2. Tổ chức thực hiện:,Điêu 'bal. Tô chưk pơm:,Politics,Điều 2 . Tổ_chức thực_hiện :
291,Hoàng hôn bác đi chợ bán củi.,Năr mưt mih năm chơ̆ tĕch 'long ŭnh.,Usual,Hoàng_hôn bác đi chợ bán củi .
